timestamp,device,event,detail
1721212062.349966,mouse,move,"(1022, 481)"
1721212062.351961,mouse,move,"(1023, 480)"
1721212062.3539555,mouse,move,"(1024, 480)"
1721212062.3559508,mouse,move,"(1025, 479)"
1721212062.3579452,mouse,move,"(1027, 479)"
1721212062.35994,mouse,move,"(1028, 478)"
1721212062.3619335,mouse,move,"(1029, 478)"
1721212062.3639283,mouse,move,"(1030, 477)"
1721212062.3659244,mouse,move,"(1031, 477)"
1721212062.3679457,mouse,move,"(1032, 476)"
1721212062.3699367,mouse,move,"(1033, 476)"
1721212062.371934,mouse,move,"(1034, 475)"
1721212062.3739023,mouse,move,"(1035, 475)"
1721212062.3758972,mouse,move,"(1036, 474)"
1721212062.3778913,mouse,move,"(1037, 473)"
1721212062.3798866,mouse,move,"(1038, 473)"
1721212062.381881,mouse,move,"(1039, 472)"
1721212062.3838756,mouse,move,"(1040, 472)"
1721212062.3858697,mouse,move,"(1041, 471)"
1721212062.387865,mouse,move,"(1042, 470)"
1721212062.4088438,mouse,move,"(1043, 469)"
1721212062.4098427,mouse,move,"(1048, 462)"
1721212062.4098427,mouse,move,"(1048, 461)"
1721212062.4177885,mouse,move,"(1048, 460)"
1721212062.4177885,mouse,move,"(1048, 458)"
1721212062.4197836,mouse,move,"(1048, 457)"
1721212062.4217784,mouse,move,"(1048, 456)"
1721212062.4237723,mouse,move,"(1048, 455)"
1721212062.425306,mouse,move,"(1048, 454)"
1721212062.4272711,mouse,move,"(1048, 453)"
1721212062.4292655,mouse,move,"(1048, 452)"
1721212062.4312603,mouse,move,"(1048, 451)"
1721212062.4332552,mouse,move,"(1048, 450)"
1721212062.4352493,mouse,move,"(1048, 449)"
1721212062.437254,mouse,move,"(1048, 448)"
1721212062.439239,mouse,move,"(1047, 447)"
1721212062.4412336,mouse,move,"(1047, 446)"
1721212062.4432285,mouse,move,"(1046, 445)"
1721212062.4452229,mouse,move,"(1046, 444)"
1721212062.4472177,mouse,move,"(1045, 443)"
1721212062.4492116,mouse,move,"(1045, 442)"
1721212062.4512072,mouse,move,"(1044, 441)"
1721212062.4532018,mouse,move,"(1044, 440)"
1721212062.4551966,mouse,move,"(1043, 438)"
1721212062.457191,mouse,move,"(1043, 437)"
1721212062.4591858,mouse,move,"(1042, 436)"
1721212062.4611804,mouse,move,"(1042, 435)"
1721212062.4801567,mouse,move,"(1041, 434)"
1721212062.4811275,mouse,move,"(1033, 426)"
1721212062.4821236,mouse,move,"(1032, 425)"
1721212062.4831216,mouse,move,"(1031, 424)"
1721212062.488108,mouse,move,"(1030, 423)"
1721212062.4891052,mouse,move,"(1029, 422)"
1721212062.4891052,mouse,move,"(1028, 421)"
1721212062.4920979,mouse,move,"(1027, 420)"
1721212062.4940922,mouse,move,"(1026, 419)"
1721212062.4950917,mouse,move,"(1025, 418)"
1721212062.4970844,mouse,move,"(1023, 417)"
1721212062.499089,mouse,move,"(1022, 416)"
1721212062.5010736,mouse,move,"(1020, 415)"
1721212062.5040658,mouse,move,"(1018, 414)"
1721212062.5060604,mouse,move,"(1016, 413)"
1721212062.508055,mouse,move,"(1014, 412)"
1721212062.5100517,mouse,move,"(1012, 411)"
1721212062.512047,mouse,move,"(1010, 410)"
1721212062.5140412,mouse,move,"(1008, 409)"
1721212062.5160441,mouse,move,"(1006, 408)"
1721212062.5180306,mouse,move,"(1004, 407)"
1721212062.5200243,mouse,move,"(1002, 406)"
1721212062.5220196,mouse,move,"(1000, 405)"
1721212062.5240371,mouse,move,"(998, 404)"
1721212062.5253298,mouse,move,"(996, 403)"
1721212062.527318,mouse,move,"(994, 402)"
1721212062.529313,mouse,move,"(992, 401)"
1721212062.5313065,mouse,move,"(990, 400)"
1721212062.5546598,mouse,move,"(988, 399)"
1721212062.5546598,mouse,move,"(964, 389)"
1721212062.5556588,mouse,move,"(961, 388)"
1721212062.557677,mouse,move,"(959, 387)"
1721212062.5626585,mouse,move,"(957, 387)"
1721212062.5626585,mouse,move,"(954, 386)"
1721212062.5636358,mouse,move,"(952, 385)"
1721212062.5656314,mouse,move,"(949, 384)"
1721212062.5676253,mouse,move,"(947, 383)"
1721212062.5696452,mouse,move,"(944, 382)"
1721212062.5716386,mouse,move,"(942, 381)"
1721212062.5736344,mouse,move,"(939, 380)"
1721212062.5756247,mouse,move,"(937, 380)"
1721212062.5776174,mouse,move,"(934, 379)"
1721212062.5796158,mouse,move,"(932, 378)"
1721212062.581588,mouse,move,"(929, 377)"
1721212062.5835826,mouse,move,"(927, 376)"
1721212062.585578,mouse,move,"(925, 375)"
1721212062.5875723,mouse,move,"(922, 374)"
1721212062.589567,mouse,move,"(920, 374)"
1721212062.5915616,mouse,move,"(917, 373)"
1721212062.5935562,mouse,move,"(915, 372)"
1721212062.595551,mouse,move,"(912, 371)"
1721212062.5975456,mouse,move,"(910, 370)"
1721212062.5995405,mouse,move,"(907, 369)"
1721212062.6015356,mouse,move,"(905, 369)"
1721212062.6035585,mouse,move,"(903, 368)"
1721212062.6055245,mouse,move,"(900, 367)"
1721212062.6310563,mouse,move,"(898, 366)"
1721212062.6310563,mouse,move,"(873, 360)"
1721212062.6320374,mouse,move,"(871, 359)"
1721212062.6340196,mouse,move,"(869, 359)"
1721212062.6360142,mouse,move,"(867, 359)"
1721212062.639007,mouse,move,"(865, 358)"
1721212062.6400044,mouse,move,"(863, 358)"
1721212062.6420314,mouse,move,"(861, 358)"
1721212062.643994,mouse,move,"(859, 357)"
1721212062.6459887,mouse,move,"(857, 357)"
1721212062.647986,mouse,move,"(855, 357)"
1721212062.650016,mouse,move,"(853, 357)"
1721212062.6520057,mouse,move,"(852, 356)"
1721212062.6539805,mouse,move,"(851, 356)"
1721212062.6559606,mouse,move,"(849, 356)"
1721212062.657956,mouse,move,"(848, 356)"
1721212062.6599503,mouse,move,"(847, 356)"
1721212062.6619456,mouse,move,"(846, 355)"
1721212062.66394,mouse,move,"(845, 355)"
1721212062.6659353,mouse,move,"(844, 355)"
1721212062.6679292,mouse,move,"(843, 355)"
1721212062.6699243,mouse,move,"(842, 355)"
1721212062.6719186,mouse,move,"(841, 355)"
1721212062.6739132,mouse,move,"(840, 355)"
1721212062.6759076,mouse,move,"(839, 355)"
1721212062.6779032,mouse,move,"(838, 355)"
1721212062.679897,mouse,move,"(837, 355)"
1721212062.6818926,mouse,move,"(836, 355)"
1721212062.683886,mouse,move,"(835, 355)"
1721212062.709879,mouse,move,"(834, 355)"
1721212062.710847,mouse,move,"(823, 355)"
1721212062.7138402,mouse,move,"(822, 355)"
1721212062.7188263,mouse,move,"(821, 355)"
1721212062.7218182,mouse,move,"(820, 355)"
1721212062.725324,mouse,move,"(819, 355)"
1721212062.727319,mouse,move,"(818, 355)"
1721212062.7333028,mouse,move,"(817, 355)"
1721212062.7392874,mouse,move,"(816, 355)"
1721212062.7452712,mouse,move,"(815, 355)"
1721212062.749261,mouse,move,"(814, 355)"
1721212062.759235,mouse,move,"(813, 355)"
1721212062.7891538,mouse,move,"(813, 356)"
1721212062.7901516,mouse,move,"(810, 357)"
1721212062.7911494,mouse,move,"(810, 358)"
1721212062.797132,mouse,move,"(809, 358)"
1721212062.802119,mouse,move,"(809, 359)"
1721212062.8031166,mouse,move,"(808, 359)"
1721212062.807105,mouse,move,"(808, 360)"
1721212062.8110976,mouse,move,"(807, 360)"
1721212062.816084,mouse,move,"(807, 361)"
1721212062.8210702,mouse,move,"(806, 362)"
1721212062.8295617,mouse,move,"(806, 363)"
1721212062.8315578,mouse,move,"(805, 363)"
1721212062.835545,mouse,move,"(805, 364)"
1721212062.8604784,mouse,move,"(804, 364)"
1721212062.8614755,mouse,move,"(803, 366)"
1721212062.8634698,mouse,move,"(803, 367)"
1721212062.875438,mouse,move,"(803, 368)"
1721212062.8814218,mouse,move,"(802, 368)"
1721212062.889635,mouse,move,"(802, 369)"
1721212062.9036074,mouse,move,"(802, 370)"
1721212062.9075973,mouse,move,"(801, 370)"
1721212062.92958,mouse,move,"(801, 371)"
1721212062.92958,mouse,move,"(801, 372)"
1721212062.9375584,mouse,move,"(800, 372)"
1721212062.9415476,mouse,move,"(800, 373)"
1721212062.9535155,mouse,move,"(800, 374)"
1721212062.9694734,mouse,move,"(800, 375)"
1721212063.3655903,mouse,move,"(801, 375)"
1721212063.3775547,mouse,move,"(802, 375)"
1721212063.4016325,mouse,move,"(803, 375)"
1721212063.4016325,mouse,move,"(804, 375)"
1721212063.4036005,mouse,move,"(805, 375)"
1721212063.4096076,mouse,move,"(806, 375)"
1721212063.414596,mouse,move,"(807, 374)"
1721212063.4195914,mouse,move,"(808, 374)"
1721212063.426153,mouse,move,"(809, 374)"
1721212063.4271224,mouse,move,"(810, 374)"
1721212063.4341037,mouse,move,"(811, 374)"
1721212063.4371185,mouse,move,"(812, 374)"
1721212063.4410863,mouse,move,"(813, 374)"
1721212063.4451027,mouse,move,"(814, 374)"
1721212063.4500773,mouse,move,"(815, 374)"
1721212063.478004,mouse,move,"(816, 374)"
1721212063.478004,mouse,move,"(822, 374)"
1721212063.4799984,mouse,move,"(823, 374)"
1721212063.4839883,mouse,move,"(824, 374)"
1721212063.485983,mouse,move,"(825, 374)"
1721212063.4899714,mouse,move,"(826, 374)"
1721212063.4939914,mouse,move,"(827, 374)"
1721212063.495983,mouse,move,"(828, 374)"
1721212063.4999447,mouse,move,"(829, 374)"
1721212063.5019393,mouse,move,"(829, 375)"
1721212063.503934,mouse,move,"(830, 375)"
1721212063.5059285,mouse,move,"(831, 375)"
1721212063.509919,mouse,move,"(832, 375)"
1721212063.5139225,mouse,move,"(833, 375)"
1721212063.5178998,mouse,move,"(834, 375)"
1721212063.5219123,mouse,move,"(835, 375)"
1721212063.5274413,mouse,move,"(836, 375)"
1721212063.5494468,mouse,move,"(837, 375)"
1721212063.5494468,mouse,move,"(840, 375)"
1721212063.5563393,mouse,move,"(841, 375)"
1721212063.5593374,mouse,move,"(842, 375)"
1721212063.5653458,mouse,move,"(843, 375)"
1721212063.571327,mouse,move,"(844, 375)"
1721212063.5793076,mouse,move,"(845, 375)"
1721212063.5872848,mouse,move,"(846, 375)"
1721212063.5952375,mouse,move,"(847, 375)"
1721212063.618201,mouse,move,"(848, 375)"
1721212063.6277633,mouse,move,"(849, 375)"
1721212063.6417265,mouse,move,"(850, 375)"
1721212063.706555,mouse,press,"Button.left at (850, 375)"
1721212063.824838,mouse,release,"Button.left at (850, 375)"
1721212063.9151666,mouse,move,"(850, 376)"
1721212063.9606147,mouse,move,"(851, 376)"
1721212063.975572,mouse,move,"(852, 376)"
1721212063.9855452,mouse,move,"(852, 377)"
1721212063.9934967,mouse,move,"(853, 377)"
1721212064.0337713,mouse,move,"(854, 377)"
1721212064.034741,mouse,move,"(855, 378)"
1721212064.0417488,mouse,move,"(856, 378)"
1721212064.0497274,mouse,move,"(856, 379)"
1721212064.055707,mouse,move,"(857, 379)"
1721212064.0656855,mouse,move,"(858, 379)"
1721212064.1025596,mouse,move,"(859, 380)"
1721212064.1025596,mouse,move,"(860, 380)"
1721212064.1135314,mouse,move,"(861, 380)"
1721212064.1195157,mouse,move,"(861, 381)"
1721212064.6019464,keyboard,press,d
1721212064.7251859,keyboard,release,d
1721212066.2599645,keyboard,press,d
1721212067.0867674,keyboard,release,d
1721212067.8536294,keyboard,press,s
1721212068.198809,keyboard,release,s
1721212068.8584015,keyboard,press,a
1721212069.0045755,keyboard,release,a
1721212069.138306,keyboard,press,d
1721212069.5952759,keyboard,release,d
1721212070.3807006,mouse,move,"(860, 381)"
1721212070.5841856,keyboard,press,a
1721212070.5951562,keyboard,press,d
1721212071.2991552,keyboard,release,d
1721212071.3051407,keyboard,release,a
1721212073.6297047,mouse,move,"(861, 381)"
1721212073.667141,mouse,move,"(862, 380)"
1721212073.6771195,mouse,move,"(863, 380)"
1721212074.4540436,mouse,move,"(864, 380)"
1721212074.4660118,mouse,move,"(864, 379)"
1721212074.4680064,mouse,move,"(865, 379)"
1721212074.4907446,mouse,move,"(866, 379)"
1721212074.4917564,mouse,move,"(867, 379)"
1721212074.505731,mouse,move,"(868, 379)"
1721212074.5136817,mouse,move,"(868, 378)"
1721212074.5316613,mouse,move,"(869, 378)"
1721212074.5996015,mouse,move,"(870, 378)"
1721212074.6235359,mouse,move,"(870, 377)"
1721212074.6856518,mouse,move,"(871, 377)"
1721212074.7135756,mouse,move,"(872, 377)"
1721212074.7494833,mouse,move,"(872, 376)"
1721212074.7499888,mouse,move,"(873, 376)"
1721212074.7719595,mouse,move,"(874, 376)"
1721212074.7938976,mouse,move,"(875, 376)"
1721212074.8138354,mouse,move,"(876, 375)"
1721212074.8237934,mouse,move,"(877, 375)"
1721212074.8377864,mouse,move,"(878, 374)"
1721212074.8551095,mouse,move,"(879, 374)"
1721212074.880016,mouse,move,"(880, 374)"
1721212074.8859997,mouse,move,"(880, 373)"
1721212074.890015,mouse,move,"(881, 373)"
1721212074.905976,mouse,move,"(882, 373)"
1721212074.9179385,mouse,move,"(883, 373)"
1721212074.9408545,mouse,move,"(884, 373)"
1721212074.9418519,mouse,move,"(885, 373)"
1721212074.943873,mouse,move,"(885, 372)"
1721212074.9513628,mouse,move,"(886, 372)"
1721212074.9653542,mouse,move,"(887, 372)"
1721212074.9793174,mouse,move,"(888, 372)"
1721212075.0062168,mouse,move,"(889, 371)"
1721212075.011204,mouse,move,"(890, 371)"
1721212075.0271902,mouse,move,"(891, 371)"
1721212075.068643,mouse,move,"(892, 371)"
1721212075.5958652,mouse,move,"(893, 371)"
1721212075.623786,mouse,move,"(894, 371)"
1721212075.6277483,mouse,move,"(895, 371)"
1721212075.6437364,mouse,move,"(896, 372)"
1721212075.6620238,mouse,move,"(897, 372)"
1721212075.6856194,mouse,move,"(898, 372)"
1721212075.6916184,mouse,move,"(899, 372)"
1721212075.7055647,mouse,move,"(900, 373)"
1721212075.71756,mouse,move,"(901, 373)"
1721212075.7295241,mouse,move,"(902, 373)"
1721212075.7495022,mouse,move,"(903, 373)"
1721212075.7539809,mouse,move,"(904, 373)"
1721212075.7639906,mouse,move,"(904, 374)"
1721212075.7659564,mouse,move,"(905, 374)"
1721212075.7759454,mouse,move,"(906, 374)"
1721212075.7859216,mouse,move,"(907, 374)"
1721212075.7938943,mouse,move,"(908, 374)"
1721212075.8178265,mouse,move,"(909, 374)"
1721212075.8178265,mouse,move,"(910, 374)"
1721212075.8317697,mouse,move,"(911, 374)"
1721212075.847763,mouse,move,"(911, 375)"
1721212076.2644389,mouse,move,"(912, 375)"
1721212076.279402,mouse,move,"(913, 375)"
1721212076.3252523,mouse,move,"(914, 375)"
1721212076.3412137,mouse,move,"(915, 375)"
1721212076.3536897,mouse,move,"(916, 375)"
1721212076.7515075,mouse,move,"(916, 376)"
1721212076.7964215,mouse,move,"(915, 376)"
1721212076.8173618,mouse,move,"(915, 377)"
1721212076.8273408,mouse,move,"(914, 377)"
1721212076.8598251,mouse,move,"(914, 378)"
1721212076.8617907,mouse,move,"(913, 378)"
1721212076.877747,mouse,move,"(913, 379)"
1721212076.9286394,mouse,move,"(913, 380)"
1721212076.9286394,mouse,move,"(912, 380)"
1721212077.067406,mouse,move,"(911, 380)"
1721212077.1092668,mouse,move,"(910, 380)"
1721212077.178592,mouse,move,"(909, 380)"
1721212078.2894437,keyboard,press,d
1721212078.3063965,keyboard,press,a
1721212078.9733896,keyboard,release,a
1721212078.978376,keyboard,release,d
1721212079.9090018,keyboard,press,e
1721212080.219931,keyboard,release,e
1721212080.6325316,keyboard,press,f
1721212080.8480494,keyboard,release,f
1721212082.9817362,keyboard,press,f
1721212083.0046742,keyboard,press,e
1721212083.504353,keyboard,release,e
1721212083.5292864,keyboard,release,f
1721212083.923428,keyboard,press,f
1721212083.9273927,keyboard,press,e
1721212084.2382283,keyboard,release,f
1721212084.2491984,keyboard,release,e
1721212085.919699,keyboard,press,a
1721212085.965579,keyboard,press,d
1721212086.2440171,keyboard,release,d
1721212086.250998,keyboard,release,a
1721212086.609226,keyboard,press,a
1721212086.6411405,keyboard,press,d
1721212086.8960552,keyboard,release,a
1721212086.9010415,keyboard,release,d
1721212087.2676601,keyboard,press,w
1721212087.3230028,keyboard,press,a
1721212087.632835,keyboard,release,a
1721212087.6348171,keyboard,release,w
1721212088.0080535,mouse,move,"(908, 380)"
1721212088.0289972,mouse,move,"(907, 380)"
1721212088.0289972,mouse,move,"(906, 380)"
1721212088.0360007,mouse,move,"(905, 380)"
1721212088.0419757,mouse,move,"(904, 380)"
1721212088.047969,mouse,move,"(903, 380)"
1721212088.055949,mouse,move,"(902, 380)"
1721212088.0619097,mouse,move,"(901, 380)"
1721212088.0678945,mouse,move,"(900, 380)"
1721212088.073928,mouse,move,"(899, 380)"
1721212088.103313,mouse,move,"(898, 380)"
1721212088.103313,mouse,move,"(894, 380)"
1721212088.1053166,mouse,move,"(893, 380)"
1721212088.109298,mouse,move,"(892, 380)"
1721212088.1132855,mouse,move,"(891, 380)"
1721212088.1152802,mouse,move,"(890, 380)"
1721212088.119298,mouse,move,"(889, 380)"
1721212088.1232593,mouse,move,"(888, 380)"
1721212088.1272733,mouse,move,"(887, 380)"
1721212088.1312387,mouse,move,"(886, 380)"
1721212088.1352274,mouse,move,"(885, 380)"
1721212088.1392167,mouse,move,"(884, 380)"
1721212088.1412108,mouse,move,"(884, 379)"
1721212088.1432061,mouse,move,"(883, 379)"
1721212088.1471953,mouse,move,"(882, 379)"
1721212088.1741517,mouse,move,"(881, 379)"
1721212088.1741517,mouse,move,"(875, 379)"
1721212088.1761193,mouse,move,"(874, 379)"
1721212088.177128,mouse,move,"(873, 379)"
1721212088.18011,mouse,move,"(872, 379)"
1721212088.1816175,mouse,move,"(871, 379)"
1721212088.1856089,mouse,move,"(870, 379)"
1721212088.1876056,mouse,move,"(869, 379)"
1721212088.1895988,mouse,move,"(868, 379)"
1721212088.191594,mouse,move,"(867, 379)"
1721212088.1955824,mouse,move,"(866, 379)"
1721212088.1975772,mouse,move,"(865, 379)"
1721212088.1995726,mouse,move,"(864, 380)"
1721212088.2035618,mouse,move,"(863, 380)"
1721212088.2055562,mouse,move,"(862, 380)"
1721212088.2095444,mouse,move,"(861, 380)"
1721212088.2115397,mouse,move,"(860, 380)"
1721212088.2155287,mouse,move,"(859, 380)"
1721212088.2175238,mouse,move,"(858, 380)"
1721212088.2215135,mouse,move,"(857, 381)"
1721212088.2425358,mouse,move,"(856, 381)"
1721212088.2425358,mouse,move,"(852, 381)"
1721212088.246501,mouse,move,"(851, 381)"
1721212088.2474747,mouse,move,"(851, 382)"
1721212088.2514634,mouse,move,"(850, 382)"
1721212088.2554774,mouse,move,"(849, 382)"
1721212088.2594419,mouse,move,"(848, 382)"
1721212088.2654266,mouse,move,"(847, 382)"
1721212088.2734368,mouse,move,"(846, 382)"
1721212088.279391,mouse,move,"(845, 382)"
1721212088.287966,mouse,move,"(844, 382)"
1721212088.3109407,mouse,move,"(843, 382)"
1721212088.311921,mouse,move,"(842, 382)"
1721212088.3178985,mouse,move,"(841, 382)"
1721212088.327898,mouse,move,"(840, 382)"
1721212088.379735,mouse,move,"(839, 382)"
1721212088.5934794,mouse,move,"(840, 382)"
1721212088.6074438,mouse,move,"(840, 381)"
1721212088.6094067,mouse,move,"(841, 381)"
1721212088.6323464,mouse,move,"(842, 381)"
1721212088.6323464,mouse,move,"(842, 380)"
1721212088.6433449,mouse,move,"(843, 380)"
1721212088.6493003,mouse,move,"(843, 379)"
1721212088.6552846,mouse,move,"(844, 379)"
1721212088.6672513,mouse,move,"(845, 379)"
1721212088.6712425,mouse,move,"(845, 378)"
1721212088.700704,mouse,move,"(846, 378)"
1721212088.701672,mouse,move,"(847, 377)"
1721212088.7076802,mouse,move,"(848, 377)"
1721212088.7076802,mouse,move,"(848, 376)"
1721212088.7316206,mouse,move,"(848, 375)"
1721212088.7335877,mouse,move,"(849, 375)"
1721212088.9886067,mouse,press,"Button.left at (849, 375)"
1721212089.1902134,mouse,release,"Button.left at (849, 375)"
1721212089.5255446,mouse,move,"(850, 375)"
1721212089.560451,keyboard,press,d
1721212089.5614588,mouse,move,"(850, 374)"
1721212089.5899124,keyboard,press,s
1721212089.7371159,mouse,move,"(851, 374)"
1721212089.784031,mouse,move,"(852, 374)"
1721212089.8473945,mouse,move,"(853, 374)"
1721212089.84939,keyboard,release,s
1721212089.8503861,keyboard,release,d
1721212089.8543775,mouse,move,"(853, 375)"
1721212089.88334,mouse,move,"(854, 375)"
1721212089.917756,mouse,move,"(854, 376)"
1721212089.9337125,mouse,move,"(855, 376)"
1721212090.0060346,mouse,move,"(856, 376)"
1721212090.079992,mouse,move,"(857, 376)"
1721212090.2347832,mouse,move,"(858, 376)"
1721212090.421413,mouse,move,"(859, 376)"
1721212090.5117178,mouse,move,"(860, 376)"
1721212090.5546312,mouse,move,"(860, 377)"
1721212090.5595896,mouse,move,"(861, 377)"
1721212090.6558435,mouse,move,"(862, 377)"
1721212090.8513694,mouse,move,"(862, 378)"
1721212091.0376499,mouse,move,"(863, 378)"
1721212091.3051717,mouse,move,"(864, 378)"
1721212091.6819284,mouse,move,"(865, 378)"
1721212091.6939664,mouse,move,"(866, 378)"
1721212091.7199178,mouse,move,"(867, 378)"
1721212091.7208946,mouse,move,"(868, 378)"
1721212091.7259066,mouse,move,"(869, 378)"
1721212091.7318926,mouse,move,"(870, 378)"
1721212091.7378485,mouse,move,"(871, 377)"
1721212091.743855,mouse,move,"(872, 377)"
1721212091.7498167,mouse,move,"(873, 377)"
1721212091.7558472,mouse,move,"(874, 377)"
1721212091.7578244,mouse,move,"(875, 377)"
1721212091.7637796,mouse,move,"(876, 377)"
1721212091.7657738,mouse,move,"(877, 377)"
1721212091.791246,mouse,move,"(878, 377)"
1721212091.7922714,mouse,move,"(884, 377)"
1721212091.79324,mouse,move,"(885, 377)"
1721212091.797258,mouse,move,"(886, 377)"
1721212091.80122,mouse,move,"(887, 377)"
1721212091.8052168,mouse,move,"(888, 377)"
1721212091.811192,mouse,move,"(889, 377)"
1721212091.8151808,mouse,move,"(890, 378)"
1721212091.8241594,mouse,move,"(891, 378)"
1721212091.8331454,mouse,move,"(892, 378)"
1721212091.8580961,mouse,move,"(893, 378)"
1721212091.920528,mouse,press,"Button.left at (893, 378)"
1721212092.046834,mouse,release,"Button.left at (893, 378)"
1721212092.2174976,mouse,move,"(894, 378)"
1721212092.2833796,mouse,move,"(895, 378)"
1721212092.3098438,mouse,move,"(896, 378)"
1721212092.3198195,mouse,move,"(897, 378)"
1721212092.3457468,mouse,move,"(897, 379)"
1721212092.347775,mouse,move,"(898, 379)"
1721212092.3906636,mouse,move,"(899, 379)"
1721212092.3921704,mouse,move,"(900, 379)"
1721212092.399182,mouse,move,"(901, 379)"
1721212092.422112,mouse,move,"(902, 379)"
1721212092.4510434,mouse,move,"(903, 379)"
1721212092.4510434,mouse,move,"(903, 380)"
1721212092.4599915,mouse,move,"(904, 380)"
1721212093.0152223,keyboard,press,s
1721212093.0311549,keyboard,press,d
1721212093.3130884,keyboard,release,d
1721212093.340399,keyboard,release,s
1721212093.7620203,keyboard,press,d
1721212093.7650309,keyboard,press,s
1721212093.98454,keyboard,release,d
1721212093.9865348,keyboard,release,s
1721212098.1374354,keyboard,press,s
1721212098.1423967,keyboard,press,d
1721212098.1653361,mouse,move,"(905, 380)"
1721212098.1693532,mouse,move,"(906, 380)"
1721212098.1733453,mouse,move,"(907, 380)"
1721212098.1773038,mouse,move,"(908, 380)"
1721212098.1793098,mouse,move,"(909, 380)"
1721212098.1812928,mouse,move,"(910, 380)"
1721212098.201243,mouse,move,"(920, 377)"
1721212098.2022705,mouse,move,"(922, 377)"
1721212098.2038097,mouse,move,"(924, 377)"
1721212098.2058272,mouse,move,"(926, 376)"
1721212098.2078025,mouse,move,"(928, 376)"
1721212098.2098148,mouse,move,"(930, 375)"
1721212098.211791,mouse,move,"(932, 375)"
1721212098.2137854,mouse,move,"(934, 375)"
1721212098.2158062,mouse,move,"(936, 374)"
1721212098.2177994,mouse,move,"(938, 374)"
1721212098.2198095,mouse,move,"(940, 373)"
1721212098.2217646,mouse,move,"(943, 373)"
1721212098.223759,mouse,move,"(945, 373)"
1721212098.2257538,mouse,move,"(948, 372)"
1721212098.227748,mouse,move,"(950, 372)"
1721212098.2297425,mouse,move,"(953, 372)"
1721212098.2317371,mouse,move,"(956, 371)"
1721212098.2337596,mouse,move,"(959, 371)"
1721212098.2357275,mouse,move,"(961, 371)"
1721212098.2377226,mouse,move,"(964, 370)"
1721212098.2397437,mouse,move,"(967, 370)"
1721212098.2417107,mouse,move,"(970, 370)"
1721212098.2437062,mouse,move,"(972, 370)"
1721212098.2457244,mouse,move,"(975, 370)"
1721212098.2477198,mouse,move,"(978, 369)"
1721212098.270633,mouse,move,"(980, 369)"
1721212098.2716632,mouse,move,"(1003, 368)"
1721212098.2716632,mouse,move,"(1005, 368)"
1721212098.2756462,mouse,move,"(1007, 368)"
1721212098.2756462,mouse,move,"(1009, 368)"
1721212098.2776144,mouse,move,"(1011, 368)"
1721212098.2796326,mouse,move,"(1013, 368)"
1721212098.2816238,mouse,move,"(1015, 367)"
1721212098.2836213,mouse,move,"(1017, 367)"
1721212098.2856212,mouse,move,"(1018, 367)"
1721212098.287616,mouse,move,"(1019, 367)"
1721212098.2896192,mouse,move,"(1020, 367)"
1721212098.2916434,mouse,move,"(1021, 367)"
1721212098.293638,mouse,move,"(1022, 367)"
1721212098.2956324,mouse,move,"(1023, 367)"
1721212098.2976208,mouse,move,"(1024, 367)"
1721212098.2995932,mouse,move,"(1025, 367)"
1721212098.3016126,mouse,move,"(1026, 367)"
1721212098.3026147,mouse,move,"(1027, 366)"
1721212098.310107,mouse,move,"(1028, 366)"
1721212098.4572804,mouse,move,"(1029, 366)"
1721212098.4981697,mouse,move,"(1028, 366)"
1721212098.5056624,mouse,move,"(1028, 367)"
1721212098.5266201,mouse,move,"(1027, 367)"
1721212098.527616,mouse,move,"(1025, 368)"
1721212098.528602,mouse,move,"(1025, 369)"
1721212098.5325983,mouse,move,"(1024, 369)"
1721212098.5355823,mouse,move,"(1023, 369)"
1721212098.5375774,mouse,move,"(1023, 370)"
1721212098.539589,mouse,move,"(1022, 370)"
1721212098.546553,mouse,move,"(1021, 370)"
1721212098.5515668,mouse,move,"(1020, 370)"
1721212098.5575461,mouse,move,"(1019, 370)"
1721212098.5605156,mouse,move,"(1019, 371)"
1721212098.563508,mouse,move,"(1018, 371)"
1721212098.5694919,mouse,move,"(1017, 371)"
1721212098.5734816,mouse,move,"(1016, 371)"
1721212098.597465,mouse,move,"(1015, 371)"
1721212098.5984404,mouse,move,"(1008, 371)"
1721212098.5994568,mouse,move,"(1007, 371)"
1721212098.6014342,mouse,move,"(1006, 371)"
1721212098.605985,mouse,move,"(1005, 371)"
1721212098.6079798,mouse,move,"(1004, 371)"
1721212098.6099749,mouse,move,"(1003, 371)"
1721212098.6119688,mouse,move,"(1002, 371)"
1721212098.6139634,mouse,move,"(1001, 371)"
1721212098.615958,mouse,move,"(1000, 371)"
1721212098.6179526,mouse,move,"(999, 371)"
1721212098.6199477,mouse,move,"(998, 371)"
1721212098.6219423,mouse,move,"(997, 371)"
1721212098.6239376,mouse,move,"(996, 371)"
1721212098.6259315,mouse,move,"(994, 372)"
1721212098.627956,mouse,move,"(993, 372)"
1721212098.6299202,mouse,move,"(991, 372)"
1721212098.6319437,mouse,move,"(989, 372)"
1721212098.633938,mouse,move,"(987, 372)"
1721212098.6359327,mouse,move,"(986, 372)"
1721212098.6378996,mouse,move,"(984, 373)"
1721212098.639894,mouse,move,"(982, 373)"
1721212098.6419137,mouse,move,"(980, 373)"
1721212098.6438832,mouse,move,"(978, 373)"
1721212098.645878,mouse,move,"(976, 374)"
1721212098.666833,mouse,move,"(974, 374)"
1721212098.666833,mouse,move,"(958, 376)"
1721212098.6678197,mouse,move,"(956, 377)"
1721212098.669814,mouse,move,"(954, 377)"
1721212098.672807,mouse,move,"(952, 378)"
1721212098.6738038,mouse,move,"(950, 378)"
1721212098.6758022,mouse,move,"(948, 378)"
1721212098.6777925,mouse,move,"(947, 379)"
1721212098.6797884,mouse,move,"(945, 379)"
1721212098.6818116,mouse,move,"(943, 380)"
1721212098.68381,mouse,move,"(941, 380)"
1721212098.6857991,mouse,move,"(940, 380)"
1721212098.6877666,mouse,move,"(938, 381)"
1721212098.6897612,mouse,move,"(936, 381)"
1721212098.691758,mouse,move,"(934, 381)"
1721212098.6937532,mouse,move,"(932, 382)"
1721212098.6957474,mouse,move,"(931, 382)"
1721212098.6977422,mouse,move,"(929, 383)"
1721212098.6997366,mouse,move,"(927, 383)"
1721212098.7017314,mouse,move,"(925, 383)"
1721212098.7037544,mouse,move,"(924, 384)"
1721212098.7052848,mouse,move,"(922, 384)"
1721212098.7072814,mouse,move,"(920, 385)"
1721212098.7093012,mouse,move,"(919, 385)"
1721212098.7112956,mouse,move,"(917, 385)"
1721212098.7132664,mouse,move,"(916, 386)"
1721212098.73022,mouse,move,"(903, 388)"
1721212098.7322385,mouse,move,"(901, 389)"
1721212098.7332125,mouse,move,"(899, 389)"
1721212098.7372026,mouse,move,"(897, 389)"
1721212098.7372026,mouse,move,"(896, 390)"
1721212098.7391975,mouse,move,"(894, 390)"
1721212098.741192,mouse,move,"(892, 390)"
1721212098.7431872,mouse,move,"(891, 390)"
1721212098.745182,mouse,move,"(889, 391)"
1721212098.7471764,mouse,move,"(887, 391)"
1721212098.7491693,mouse,move,"(886, 391)"
1721212098.751165,mouse,move,"(884, 391)"
1721212098.7531872,mouse,move,"(883, 392)"
1721212098.7551541,mouse,move,"(881, 392)"
1721212098.757176,mouse,move,"(880, 392)"
1721212098.7591732,mouse,move,"(879, 392)"
1721212098.7611659,mouse,move,"(877, 392)"
1721212098.7641299,mouse,move,"(876, 393)"
1721212098.7651272,mouse,move,"(874, 393)"
1721212098.767122,mouse,move,"(873, 393)"
1721212098.7691164,mouse,move,"(871, 393)"
1721212098.7711382,mouse,move,"(870, 393)"
1721212098.7731304,mouse,move,"(869, 393)"
1721212098.775125,mouse,move,"(867, 393)"
1721212098.7990384,mouse,move,"(866, 393)"
1721212098.8000364,mouse,move,"(855, 394)"
1721212098.8010337,mouse,move,"(854, 394)"
1721212098.8030276,mouse,move,"(853, 394)"
1721212098.8040261,mouse,move,"(852, 394)"
1721212098.8055346,mouse,move,"(851, 394)"
1721212098.8075328,mouse,move,"(850, 394)"
1721212098.8095279,mouse,move,"(849, 394)"
1721212098.811522,mouse,move,"(848, 394)"
1721212098.813518,mouse,move,"(847, 394)"
1721212098.8155117,mouse,move,"(846, 394)"
1721212098.8175058,mouse,move,"(844, 394)"
1721212098.8195002,mouse,move,"(843, 394)"
1721212098.8214953,mouse,move,"(842, 394)"
1721212098.8234909,mouse,move,"(841, 394)"
1721212098.8254843,mouse,move,"(840, 394)"
1721212098.8274794,mouse,move,"(839, 394)"
1721212098.8294735,mouse,move,"(838, 394)"
1721212098.8314679,mouse,move,"(837, 394)"
1721212098.8334875,mouse,move,"(836, 394)"
1721212098.835485,mouse,move,"(835, 394)"
1721212098.8374786,mouse,move,"(834, 394)"
1721212098.8394475,mouse,move,"(833, 394)"
1721212098.8424387,mouse,move,"(832, 394)"
1721212098.8434367,mouse,move,"(831, 394)"
1721212098.8683975,mouse,move,"(830, 394)"
1721212098.869367,mouse,move,"(823, 394)"
1721212098.8713617,mouse,move,"(822, 394)"
1721212098.8813357,mouse,move,"(821, 394)"
1721212098.8953233,mouse,move,"(820, 394)"
1721212098.8973143,keyboard,release,d
1721212098.9367542,keyboard,release,s
1721212099.025544,mouse,move,"(821, 394)"
1721212099.0335214,mouse,move,"(821, 393)"
1721212099.0395055,mouse,move,"(822, 393)"
1721212099.067744,mouse,move,"(823, 393)"
1721212099.068766,mouse,move,"(827, 393)"
1721212099.0717564,mouse,move,"(828, 393)"
1721212099.075725,mouse,move,"(829, 393)"
1721212099.0797117,mouse,move,"(830, 393)"
1721212099.0837004,mouse,move,"(831, 393)"
1721212099.0876899,mouse,move,"(832, 393)"
1721212099.0936756,mouse,move,"(833, 393)"
1721212099.0976923,mouse,move,"(834, 393)"
1721212099.0996892,mouse,move,"(834, 392)"
1721212099.1036494,mouse,move,"(835, 392)"
1721212099.109145,mouse,move,"(836, 392)"
1721212099.1320841,mouse,move,"(837, 392)"
1721212099.1330833,mouse,move,"(838, 392)"
1721212099.136074,mouse,move,"(839, 392)"
1721212099.1460478,mouse,move,"(839, 391)"
1721212099.1480696,mouse,move,"(840, 391)"
1721212099.1580143,mouse,move,"(841, 391)"
1721212099.2019172,mouse,move,"(842, 391)"
1721212099.2019172,mouse,move,"(843, 391)"
1721212099.2213995,mouse,move,"(844, 391)"
1721212099.2632663,mouse,move,"(845, 391)"
1721212099.5262241,mouse,move,"(846, 391)"
1721212099.5451968,mouse,move,"(847, 391)"
1721212099.5840707,mouse,move,"(848, 391)"
1721212099.5940425,mouse,move,"(849, 391)"
1721212099.9211364,mouse,move,"(850, 391)"
1721212100.1720514,mouse,move,"(850, 390)"
1721212100.173062,mouse,move,"(851, 390)"
1721212100.1919963,mouse,move,"(852, 390)"
1721212100.1929672,mouse,move,"(855, 390)"
1721212100.196987,mouse,move,"(856, 390)"
1721212100.198,mouse,move,"(857, 389)"
1721212100.1999812,mouse,move,"(858, 389)"
1721212100.2039683,mouse,move,"(859, 389)"
1721212100.2059584,mouse,move,"(860, 389)"
1721212100.2079294,mouse,move,"(861, 389)"
1721212100.2100644,mouse,move,"(862, 389)"
1721212100.2110124,mouse,move,"(863, 389)"
1721212100.2140038,mouse,move,"(864, 389)"
1721212100.2159991,mouse,move,"(865, 388)"
1721212100.218019,mouse,move,"(866, 388)"
1721212100.2200391,mouse,move,"(867, 388)"
1721212100.2219827,mouse,move,"(868, 388)"
1721212100.2240071,mouse,move,"(869, 388)"
1721212100.2259972,mouse,move,"(870, 388)"
1721212100.2279675,mouse,move,"(871, 388)"
1721212100.229988,mouse,move,"(872, 388)"
1721212100.2319558,mouse,move,"(873, 388)"
1721212100.2339501,mouse,move,"(874, 387)"
1721212100.2359455,mouse,move,"(875, 387)"
1721212100.2568898,mouse,move,"(877, 387)"
1721212100.2568898,mouse,move,"(893, 386)"
1721212100.2579148,mouse,move,"(895, 386)"
1721212100.259882,mouse,move,"(897, 386)"
1721212100.2619011,mouse,move,"(899, 385)"
1721212100.2638714,mouse,move,"(901, 385)"
1721212100.265866,mouse,move,"(903, 385)"
1721212100.2678614,mouse,move,"(905, 385)"
1721212100.2698617,mouse,move,"(907, 384)"
1721212100.2718499,mouse,move,"(909, 384)"
1721212100.273844,mouse,move,"(911, 384)"
1721212100.2758877,mouse,move,"(913, 384)"
1721212100.2778366,mouse,move,"(915, 383)"
1721212100.2798276,mouse,move,"(917, 383)"
1721212100.2818453,mouse,move,"(919, 383)"
1721212100.2838492,mouse,move,"(921, 383)"
1721212100.28584,mouse,move,"(923, 383)"
1721212100.2878666,mouse,move,"(925, 383)"
1721212100.2898011,mouse,move,"(927, 383)"
1721212100.2918077,mouse,move,"(929, 382)"
1721212100.293821,mouse,move,"(931, 382)"
1721212100.2958474,mouse,move,"(933, 382)"
1721212100.2978404,mouse,move,"(935, 382)"
1721212100.2998307,mouse,move,"(937, 382)"
1721212100.3018258,mouse,move,"(939, 382)"
1721212100.303797,mouse,move,"(941, 382)"
1721212100.3058164,mouse,move,"(943, 382)"
1721212100.3258686,mouse,move,"(945, 382)"
1721212100.3258686,mouse,move,"(963, 381)"
1721212100.327891,mouse,move,"(965, 381)"
1721212100.3298805,mouse,move,"(967, 381)"
1721212100.3318553,mouse,move,"(969, 380)"
1721212100.3338983,mouse,move,"(971, 380)"
1721212100.3358412,mouse,move,"(973, 380)"
1721212100.337859,mouse,move,"(975, 380)"
1721212100.3398855,mouse,move,"(977, 380)"
1721212100.3418252,mouse,move,"(979, 380)"
1721212100.343843,mouse,move,"(981, 380)"
1721212100.3458436,mouse,move,"(983, 380)"
1721212100.3478284,mouse,move,"(985, 380)"
1721212100.3498237,mouse,move,"(987, 380)"
1721212100.3518174,mouse,move,"(989, 379)"
1721212100.3538187,mouse,move,"(991, 379)"
1721212100.3558123,mouse,move,"(993, 379)"
1721212100.3577828,mouse,move,"(995, 379)"
1721212100.359777,mouse,move,"(997, 379)"
1721212100.3617723,mouse,move,"(999, 379)"
1721212100.3637664,mouse,move,"(1001, 379)"
1721212100.3657613,mouse,move,"(1003, 379)"
1721212100.3677642,mouse,move,"(1005, 379)"
1721212100.3697507,mouse,move,"(1007, 379)"
1721212100.3877316,mouse,move,"(1009, 379)"
1721212100.3877316,mouse,move,"(1023, 379)"
1721212100.3897264,mouse,move,"(1024, 379)"
1721212100.3917203,mouse,move,"(1026, 379)"
1721212100.3937142,mouse,move,"(1027, 379)"
1721212100.3957312,mouse,move,"(1029, 379)"
1721212100.3977056,mouse,move,"(1030, 379)"
1721212100.399725,mouse,move,"(1032, 379)"
1721212100.4017155,mouse,move,"(1033, 379)"
1721212100.4037097,mouse,move,"(1035, 379)"
1721212100.4057038,mouse,move,"(1036, 379)"
1721212100.4077063,mouse,move,"(1038, 379)"
1721212100.4092329,mouse,move,"(1040, 379)"
1721212100.411229,mouse,move,"(1041, 379)"
1721212100.4132235,mouse,move,"(1043, 379)"
1721212100.415218,mouse,move,"(1044, 379)"
1721212100.417213,mouse,move,"(1046, 379)"
1721212100.4202397,mouse,move,"(1047, 379)"
1721212100.4212313,mouse,move,"(1049, 379)"
1721212100.4231977,mouse,move,"(1050, 379)"
1721212100.4251919,mouse,move,"(1052, 379)"
1721212100.4272156,mouse,move,"(1053, 379)"
1721212100.4291818,mouse,move,"(1055, 379)"
1721212100.4311936,mouse,move,"(1056, 379)"
1721212100.4332013,mouse,move,"(1058, 379)"
1721212100.4571495,mouse,move,"(1059, 379)"
1721212100.4581063,mouse,move,"(1076, 379)"
1721212100.460099,mouse,move,"(1077, 379)"
1721212100.462129,mouse,move,"(1079, 379)"
1721212100.4631133,mouse,move,"(1080, 379)"
1721212100.465085,mouse,move,"(1082, 379)"
1721212100.467111,mouse,move,"(1083, 379)"
1721212100.4691246,mouse,move,"(1085, 379)"
1721212100.4710703,mouse,move,"(1087, 379)"
1721212100.4730647,mouse,move,"(1088, 379)"
1721212100.4750896,mouse,move,"(1089, 379)"
1721212100.477082,mouse,move,"(1091, 379)"
1721212100.4790766,mouse,move,"(1093, 379)"
1721212100.4820402,mouse,move,"(1094, 379)"
1721212100.484035,mouse,move,"(1096, 379)"
1721212100.4860575,mouse,move,"(1098, 379)"
1721212100.4880238,mouse,move,"(1099, 379)"
1721212100.4900403,mouse,move,"(1101, 379)"
1721212100.4920306,mouse,move,"(1102, 379)"
1721212100.4940102,mouse,move,"(1104, 379)"
1721212100.4960332,mouse,move,"(1106, 379)"
1721212100.4980197,mouse,move,"(1107, 379)"
1721212100.4980197,keyboard,press,s
1721212100.499995,mouse,move,"(1109, 379)"
1721212100.5019891,mouse,move,"(1111, 379)"
1721212100.5294223,mouse,move,"(1112, 379)"
1721212100.5374017,mouse,move,"(1138, 379)"
1721212100.5443826,mouse,move,"(1146, 380)"
1721212100.54538,keyboard,press,d
1721212100.54538,mouse,move,"(1147, 380)"
1721212100.5473745,mouse,move,"(1149, 380)"
1721212100.5493782,mouse,move,"(1151, 380)"
1721212100.5513647,mouse,move,"(1152, 380)"
1721212100.553359,mouse,move,"(1154, 380)"
1721212100.555354,mouse,move,"(1156, 380)"
1721212100.5573483,mouse,move,"(1157, 380)"
1721212100.5593424,mouse,move,"(1159, 381)"
1721212100.5613365,mouse,move,"(1161, 381)"
1721212100.5633616,mouse,move,"(1163, 381)"
1721212100.56535,mouse,move,"(1164, 381)"
1721212100.567321,mouse,move,"(1166, 381)"
1721212100.5693154,mouse,move,"(1168, 381)"
1721212100.5713105,mouse,move,"(1170, 381)"
1721212100.5733047,mouse,move,"(1171, 382)"
1721212100.5753276,mouse,move,"(1173, 382)"
1721212100.5772948,mouse,move,"(1174, 382)"
1721212100.5792892,mouse,move,"(1176, 382)"
1721212100.5812833,mouse,move,"(1178, 382)"
1721212100.5833068,mouse,move,"(1179, 383)"
1721212100.6042235,mouse,move,"(1181, 383)"
1721212100.6042235,mouse,move,"(1195, 384)"
1721212100.6052217,mouse,move,"(1196, 384)"
1721212100.608213,mouse,move,"(1198, 384)"
1721212100.6097152,mouse,move,"(1199, 385)"
1721212100.6117125,mouse,move,"(1200, 385)"
1721212100.6137073,mouse,move,"(1202, 385)"
1721212100.6157012,mouse,move,"(1203, 385)"
1721212100.617696,mouse,move,"(1204, 385)"
1721212100.6196904,mouse,move,"(1205, 385)"
1721212100.6216853,mouse,move,"(1206, 386)"
1721212100.6236804,mouse,move,"(1207, 386)"
1721212100.625675,mouse,move,"(1208, 386)"
1721212100.6276693,mouse,move,"(1209, 386)"
1721212100.6296637,mouse,move,"(1210, 386)"
1721212100.631659,mouse,move,"(1211, 386)"
1721212100.633653,mouse,move,"(1212, 386)"
1721212100.6356478,mouse,move,"(1213, 386)"
1721212100.6376424,mouse,move,"(1214, 386)"
1721212100.6396377,mouse,move,"(1215, 386)"
1721212100.6416316,mouse,move,"(1216, 387)"
1721212100.6436265,mouse,move,"(1217, 387)"
1721212100.6456215,mouse,move,"(1218, 387)"
1721212100.6655982,mouse,move,"(1219, 387)"
1721212100.6665814,mouse,move,"(1220, 387)"
1721212100.7120845,keyboard,release,d
1721212100.7279947,keyboard,release,s
1721212100.765893,mouse,move,"(1221, 387)"
1721212100.9852493,mouse,move,"(1220, 387)"
1721212100.991205,mouse,move,"(1220, 388)"
1721212100.9951954,mouse,move,"(1219, 388)"
1721212101.0051687,mouse,move,"(1218, 388)"
1721212101.0156634,mouse,move,"(1217, 388)"
1721212101.0216744,mouse,move,"(1216, 388)"
1721212101.0476055,mouse,move,"(1215, 388)"
1721212101.0476055,mouse,move,"(1210, 390)"
1721212101.0495725,mouse,move,"(1209, 390)"
1721212101.051567,mouse,move,"(1208, 390)"
1721212101.0555563,mouse,move,"(1207, 390)"
1721212101.0575504,mouse,move,"(1206, 390)"
1721212101.0595455,mouse,move,"(1205, 391)"
1721212101.0615401,mouse,move,"(1204, 391)"
1721212101.0655293,mouse,move,"(1203, 391)"
1721212101.0675235,mouse,move,"(1202, 391)"
1721212101.069518,mouse,move,"(1201, 391)"
1721212101.071513,mouse,move,"(1200, 391)"
1721212101.073508,mouse,move,"(1199, 392)"
1721212101.075503,mouse,move,"(1198, 392)"
1721212101.0775259,mouse,move,"(1197, 392)"
1721212101.0795195,mouse,move,"(1196, 392)"
1721212101.0815146,mouse,move,"(1195, 392)"
1721212101.0835164,mouse,move,"(1194, 393)"
1721212101.0855057,mouse,move,"(1193, 393)"
1721212101.0875032,mouse,move,"(1192, 393)"
1721212101.0894659,mouse,move,"(1191, 393)"
1721212101.091488,mouse,move,"(1190, 393)"
1721212101.0934765,mouse,move,"(1189, 393)"
1721212101.1180503,mouse,move,"(1188, 393)"
1721212101.1180503,mouse,move,"(1178, 395)"
1721212101.1190495,mouse,move,"(1177, 395)"
1721212101.1220515,mouse,move,"(1176, 396)"
1721212101.1240351,mouse,move,"(1175, 396)"
1721212101.1260524,mouse,move,"(1174, 396)"
1721212101.1280231,mouse,move,"(1173, 396)"
1721212101.1300178,mouse,move,"(1172, 396)"
1721212101.1320288,mouse,move,"(1171, 396)"
1721212101.1340442,mouse,move,"(1169, 397)"
1721212101.1360357,mouse,move,"(1168, 397)"
1721212101.138011,mouse,move,"(1166, 397)"
1721212101.1399937,mouse,move,"(1165, 397)"
1721212101.1420393,mouse,move,"(1163, 398)"
1721212101.1439815,mouse,move,"(1162, 398)"
1721212101.1460037,mouse,move,"(1160, 398)"
1721212101.1480145,mouse,move,"(1159, 398)"
1721212101.1499908,mouse,move,"(1157, 398)"
1721212101.1519592,mouse,move,"(1155, 399)"
1721212101.1539538,mouse,move,"(1154, 399)"
1721212101.1559486,mouse,move,"(1152, 399)"
1721212101.1579428,mouse,move,"(1150, 399)"
1721212101.1599383,mouse,move,"(1149, 400)"
1721212101.1619325,mouse,move,"(1147, 400)"
1721212101.179885,mouse,move,"(1145, 400)"
1721212101.179885,mouse,move,"(1130, 402)"
1721212101.1818793,mouse,move,"(1128, 403)"
1721212101.1838737,mouse,move,"(1127, 403)"
1721212101.1868668,mouse,move,"(1125, 403)"
1721212101.187864,mouse,move,"(1123, 403)"
1721212101.1898596,mouse,move,"(1121, 404)"
1721212101.1918526,mouse,move,"(1119, 404)"
1721212101.1938472,mouse,move,"(1117, 404)"
1721212101.1958437,mouse,move,"(1115, 404)"
1721212101.197838,mouse,move,"(1113, 404)"
1721212101.1998334,mouse,move,"(1111, 405)"
1721212101.2018278,mouse,move,"(1109, 405)"
1721212101.2038221,mouse,move,"(1107, 405)"
1721212101.2058167,mouse,move,"(1105, 405)"
1721212101.207812,mouse,move,"(1103, 405)"
1721212101.208809,mouse,move,"(1101, 406)"
1721212101.2113135,mouse,move,"(1099, 406)"
1721212101.2133079,mouse,move,"(1097, 406)"
1721212101.215303,mouse,move,"(1095, 406)"
1721212101.217297,mouse,move,"(1093, 406)"
1721212101.219292,mouse,move,"(1091, 406)"
1721212101.2212873,mouse,move,"(1089, 406)"
1721212101.2232814,mouse,move,"(1087, 407)"
1721212101.225276,mouse,move,"(1085, 407)"
1721212101.2492125,mouse,move,"(1083, 407)"
1721212101.250212,mouse,move,"(1061, 408)"
1721212101.2512105,mouse,move,"(1059, 408)"
1721212101.2542486,mouse,move,"(1057, 408)"
1721212101.2551968,mouse,move,"(1055, 408)"
1721212101.2572453,mouse,move,"(1053, 408)"
1721212101.2592137,mouse,move,"(1051, 408)"
1721212101.2612026,mouse,move,"(1049, 408)"
1721212101.2631752,mouse,move,"(1047, 408)"
1721212101.2651696,mouse,move,"(1045, 408)"
1721212101.2671642,mouse,move,"(1043, 408)"
1721212101.2691894,mouse,move,"(1041, 408)"
1721212101.2711782,mouse,move,"(1039, 408)"
1721212101.273174,mouse,move,"(1037, 408)"
1721212101.2751627,mouse,move,"(1035, 408)"
1721212101.2771626,mouse,move,"(1033, 408)"
1721212101.279159,mouse,move,"(1031, 409)"
1721212101.2811723,mouse,move,"(1029, 409)"
1721212101.2831478,mouse,move,"(1027, 409)"
1721212101.285142,mouse,move,"(1025, 409)"
1721212101.2871351,mouse,move,"(1023, 409)"
1721212101.2891238,mouse,move,"(1021, 409)"
1721212101.2911165,mouse,move,"(1019, 409)"
1721212101.2940927,mouse,move,"(1017, 409)"
1721212101.312596,mouse,move,"(998, 410)"
1721212101.3135989,mouse,move,"(996, 410)"
1721212101.31561,mouse,move,"(994, 410)"
1721212101.318609,mouse,move,"(991, 410)"
1721212101.3195777,mouse,move,"(989, 410)"
1721212101.321596,mouse,move,"(987, 410)"
1721212101.323595,mouse,move,"(984, 411)"
1721212101.325579,mouse,move,"(982, 411)"
1721212101.3275814,mouse,move,"(980, 411)"
1721212101.3295743,mouse,move,"(977, 411)"
1721212101.3315449,mouse,move,"(975, 411)"
1721212101.333565,mouse,move,"(973, 411)"
1721212101.335559,mouse,move,"(971, 411)"
1721212101.3375528,mouse,move,"(968, 412)"
1721212101.3395503,mouse,move,"(966, 412)"
1721212101.341544,mouse,move,"(964, 412)"
1721212101.3435333,mouse,move,"(962, 412)"
1721212101.3455265,mouse,move,"(960, 412)"
1721212101.347521,mouse,move,"(958, 412)"
1721212101.3495164,mouse,move,"(956, 412)"
1721212101.3515167,mouse,move,"(954, 412)"
1721212101.3534868,mouse,move,"(951, 412)"
1721212101.3554811,mouse,move,"(949, 412)"
1721212101.3574767,mouse,move,"(947, 412)"
1721212101.3764253,mouse,move,"(945, 412)"
1721212101.377427,keyboard,press,s
1721212101.377427,mouse,move,"(928, 413)"
1721212101.3784196,mouse,move,"(926, 413)"
1721212101.381412,mouse,move,"(924, 413)"
1721212101.381412,mouse,move,"(921, 413)"
1721212101.3834064,mouse,move,"(919, 413)"
1721212101.3854015,mouse,move,"(917, 413)"
1721212101.3873966,mouse,move,"(915, 413)"
1721212101.3893912,mouse,move,"(913, 413)"
1721212101.3914149,mouse,move,"(911, 413)"
1721212101.3934078,mouse,move,"(909, 413)"
1721212101.3953745,mouse,move,"(907, 413)"
1721212101.3973715,mouse,move,"(905, 413)"
1721212101.3993661,mouse,move,"(903, 413)"
1721212101.401361,mouse,move,"(901, 413)"
1721212101.4033556,mouse,move,"(899, 413)"
1721212101.4053507,mouse,move,"(897, 413)"
1721212101.407377,mouse,move,"(895, 413)"
1721212101.4093683,mouse,move,"(893, 413)"
1721212101.4119475,mouse,move,"(891, 413)"
1721212101.413919,mouse,move,"(889, 413)"
1721212101.4158955,mouse,move,"(887, 413)"
1721212101.417907,mouse,move,"(885, 413)"
1721212101.4199026,mouse,move,"(883, 413)"
1721212101.4447129,mouse,move,"(881, 413)"
1721212101.4447129,mouse,move,"(860, 413)"
1721212101.4456828,mouse,move,"(859, 413)"
1721212101.4476957,mouse,move,"(857, 413)"
1721212101.4506686,mouse,move,"(856, 413)"
1721212101.4516675,mouse,move,"(854, 413)"
1721212101.453689,mouse,move,"(853, 413)"
1721212101.4556553,mouse,move,"(851, 413)"
1721212101.45765,mouse,move,"(850, 413)"
1721212101.4596722,mouse,move,"(848, 413)"
1721212101.461667,mouse,move,"(847, 413)"
1721212101.4636626,mouse,move,"(845, 413)"
1721212101.465651,mouse,move,"(844, 413)"
1721212101.467651,mouse,move,"(843, 413)"
1721212101.4696398,mouse,move,"(842, 413)"
1721212101.4716349,mouse,move,"(840, 413)"
1721212101.4736314,mouse,move,"(839, 413)"
1721212101.4756272,mouse,move,"(837, 413)"
1721212101.4776273,mouse,move,"(836, 413)"
1721212101.479614,mouse,move,"(835, 413)"
1721212101.4816082,mouse,move,"(833, 413)"
1721212101.4836032,mouse,move,"(832, 413)"
1721212101.485607,mouse,move,"(830, 413)"
1721212101.4875956,mouse,move,"(829, 413)"
1721212101.4895833,mouse,move,"(828, 413)"
1721212101.4915776,mouse,move,"(826, 413)"
1721212101.493575,mouse,move,"(825, 413)"
1721212101.5131435,mouse,move,"(813, 413)"
1721212101.5131435,mouse,move,"(812, 414)"
1721212101.517083,mouse,move,"(811, 414)"
1721212101.5180793,mouse,move,"(810, 414)"
1721212101.5190768,mouse,move,"(808, 414)"
1721212101.5210712,mouse,move,"(807, 414)"
1721212101.5230935,mouse,move,"(806, 414)"
1721212101.5250885,mouse,move,"(805, 414)"
1721212101.5270877,mouse,move,"(804, 414)"
1721212101.529072,mouse,move,"(803, 414)"
1721212101.532067,mouse,move,"(802, 414)"
1721212101.5330637,keyboard,release,s
1721212101.5340374,mouse,move,"(800, 415)"
1721212101.5360355,mouse,move,"(799, 415)"
1721212101.5370584,mouse,move,"(798, 415)"
1721212101.5390475,mouse,move,"(797, 415)"
1721212101.5420485,mouse,move,"(796, 415)"
1721212101.543037,mouse,move,"(795, 415)"
1721212101.5460413,mouse,move,"(794, 415)"
1721212101.5480547,mouse,move,"(793, 415)"
1721212101.550033,mouse,move,"(792, 415)"
1721212101.5520284,mouse,move,"(791, 415)"
1721212101.5540109,mouse,move,"(790, 415)"
1721212101.5560067,mouse,move,"(789, 415)"
1721212101.575953,mouse,move,"(788, 415)"
1721212101.575953,mouse,move,"(782, 415)"
1721212101.5779412,mouse,move,"(781, 415)"
1721212101.5839033,mouse,move,"(780, 415)"
1721212101.5899172,mouse,move,"(779, 415)"
1721212101.5979183,mouse,move,"(778, 415)"
1721212101.607891,mouse,move,"(777, 415)"
1721212101.6174474,mouse,move,"(776, 415)"
1721212101.6453347,mouse,move,"(775, 415)"
1721212101.6463387,mouse,move,"(774, 415)"
1721212101.6473303,mouse,move,"(773, 415)"
1721212101.6533136,mouse,move,"(772, 415)"
1721212101.6613166,mouse,move,"(771, 415)"
1721212101.6673,mouse,move,"(770, 415)"
1721212101.6732872,mouse,move,"(769, 415)"
1721212101.6792433,mouse,move,"(768, 415)"
1721212101.687223,mouse,move,"(767, 415)"
1721212101.7081912,mouse,move,"(766, 415)"
1721212101.7101862,mouse,move,"(765, 415)"
1721212101.845958,mouse,move,"(766, 415)"
1721212101.8479264,mouse,move,"(766, 414)"
1721212101.8519423,keyboard,press,s
1721212101.8539093,mouse,move,"(767, 414)"
1721212101.8598936,mouse,move,"(768, 414)"
1721212101.8638835,mouse,move,"(769, 414)"
1721212101.8658779,mouse,move,"(770, 414)"
1721212101.869867,mouse,move,"(771, 413)"
1721212101.871862,mouse,move,"(772, 413)"
1721212101.8738568,mouse,move,"(773, 413)"
1721212101.8758516,mouse,move,"(774, 413)"
1721212101.877849,mouse,move,"(775, 413)"
1721212101.8798618,mouse,move,"(776, 413)"
1721212101.8818564,mouse,move,"(777, 412)"
1721212101.8838575,mouse,move,"(778, 412)"
1721212101.8858538,mouse,move,"(779, 412)"
1721212101.9203339,mouse,move,"(780, 412)"
1721212101.9203339,mouse,move,"(809, 409)"
1721212101.9213026,mouse,move,"(811, 409)"
1721212101.9252896,mouse,move,"(814, 409)"
1721212101.9252896,mouse,move,"(817, 409)"
1721212101.9272873,mouse,move,"(820, 409)"
1721212101.9292796,mouse,move,"(823, 408)"
1721212101.9312742,mouse,move,"(826, 408)"
1721212101.9332685,mouse,move,"(829, 408)"
1721212101.9352632,mouse,move,"(832, 408)"
1721212101.937258,mouse,move,"(835, 408)"
1721212101.9392524,mouse,move,"(838, 408)"
1721212101.941247,mouse,move,"(841, 408)"
1721212101.943242,mouse,move,"(844, 407)"
1721212101.9452364,mouse,move,"(847, 407)"
1721212101.947231,mouse,move,"(851, 407)"
1721212101.9492257,mouse,move,"(855, 407)"
1721212101.9512494,mouse,move,"(859, 407)"
1721212101.9532468,mouse,move,"(863, 406)"
1721212101.9552107,mouse,move,"(867, 406)"
1721212101.9572294,mouse,move,"(870, 406)"
1721212101.959227,mouse,move,"(874, 406)"
1721212101.9612126,mouse,move,"(878, 406)"
1721212101.9632092,mouse,move,"(882, 405)"
1721212101.9652247,mouse,move,"(886, 405)"
1721212101.9841666,keyboard,release,s
1721212101.9841666,mouse,move,"(890, 405)"
1721212101.9851484,mouse,move,"(922, 405)"
1721212101.9861336,mouse,move,"(926, 404)"
1721212101.9871387,mouse,move,"(930, 404)"
1721212101.9911196,mouse,move,"(934, 404)"
1721212101.9911196,mouse,move,"(937, 404)"
1721212101.9941125,mouse,move,"(941, 404)"
1721212101.9951096,mouse,move,"(945, 404)"
1721212101.9971042,mouse,move,"(949, 404)"
1721212101.9991014,mouse,move,"(953, 404)"
1721212102.0010958,mouse,move,"(957, 404)"
1721212102.0030901,mouse,move,"(960, 404)"
1721212102.0060833,mouse,move,"(964, 404)"
1721212102.0070798,mouse,move,"(967, 404)"
1721212102.0090742,mouse,move,"(971, 404)"
1721212102.0110688,mouse,move,"(974, 404)"
1721212102.0135753,mouse,move,"(977, 404)"
1721212102.0155692,mouse,move,"(980, 404)"
1721212102.0175881,mouse,move,"(983, 404)"
1721212102.0195596,mouse,move,"(986, 404)"
1721212102.021554,mouse,move,"(989, 404)"
1721212102.0235476,mouse,move,"(992, 404)"
1721212102.0255423,mouse,move,"(995, 404)"
1721212102.0275376,mouse,move,"(998, 404)"
1721212102.029561,mouse,move,"(1001, 404)"
1721212102.0315487,mouse,move,"(1004, 404)"
1721212102.055463,mouse,move,"(1007, 404)"
1721212102.055463,mouse,move,"(1030, 404)"
1721212102.055463,mouse,move,"(1032, 404)"
1721212102.0594528,mouse,move,"(1034, 404)"
1721212102.0594528,mouse,move,"(1036, 404)"
1721212102.061449,mouse,move,"(1038, 404)"
1721212102.063442,mouse,move,"(1040, 404)"
1721212102.0654364,mouse,move,"(1041, 404)"
1721212102.067431,mouse,move,"(1042, 404)"
1721212102.0694253,mouse,move,"(1043, 404)"
1721212102.0714202,mouse,move,"(1044, 404)"
1721212102.0734437,mouse,move,"(1045, 404)"
1721212102.07541,mouse,move,"(1046, 404)"
1721212102.077404,mouse,move,"(1047, 404)"
1721212102.0793986,mouse,move,"(1048, 404)"
1721212102.0814219,mouse,move,"(1049, 404)"
1721212102.0834162,mouse,move,"(1050, 404)"
1721212102.0853834,mouse,move,"(1051, 404)"
1721212102.0873897,mouse,move,"(1052, 404)"
1721212102.0893726,mouse,move,"(1053, 404)"
1721212102.0913677,mouse,move,"(1054, 404)"
1721212102.0973504,mouse,move,"(1055, 404)"
1721212102.1188114,mouse,move,"(1056, 404)"
1721212102.119808,mouse,move,"(1057, 404)"
1721212102.139754,mouse,move,"(1058, 404)"
1721212102.165685,mouse,move,"(1059, 404)"
1721212102.2938569,keyboard,press,s
1721212102.3173099,mouse,move,"(1058, 404)"
1721212102.3183072,mouse,move,"(1056, 404)"
1721212102.319305,mouse,move,"(1055, 404)"
1721212102.3232942,mouse,move,"(1054, 404)"
1721212102.3272824,mouse,move,"(1053, 404)"
1721212102.3292773,mouse,move,"(1052, 404)"
1721212102.3312716,mouse,move,"(1051, 404)"
1721212102.3352613,mouse,move,"(1050, 405)"
1721212102.3372562,mouse,move,"(1049, 405)"
1721212102.3392508,mouse,move,"(1048, 405)"
1721212102.3412452,mouse,move,"(1047, 405)"
1721212102.34324,mouse,move,"(1046, 405)"
1721212102.345235,mouse,move,"(1045, 405)"
1721212102.3472297,mouse,move,"(1044, 405)"
1721212102.349224,mouse,move,"(1043, 405)"
1721212102.351219,mouse,move,"(1042, 405)"
1721212102.3532138,mouse,move,"(1041, 406)"
1721212102.355208,mouse,move,"(1040, 406)"
1721212102.3572032,mouse,move,"(1038, 406)"
1721212102.3811393,mouse,move,"(1037, 406)"
1721212102.3811393,keyboard,release,s
1721212102.3811393,mouse,move,"(1017, 408)"
1721212102.382136,mouse,move,"(1015, 408)"
1721212102.3831336,mouse,move,"(1012, 408)"
1721212102.3861253,mouse,move,"(1010, 409)"
1721212102.3871226,mouse,move,"(1007, 409)"
1721212102.389118,mouse,move,"(1004, 409)"
1721212102.3911126,mouse,move,"(1001, 410)"
1721212102.3931065,mouse,move,"(998, 410)"
1721212102.3960986,mouse,move,"(995, 410)"
1721212102.397096,mouse,move,"(992, 410)"
1721212102.4000897,mouse,move,"(989, 411)"
1721212102.4010868,mouse,move,"(986, 411)"
1721212102.4030817,mouse,move,"(983, 411)"
1721212102.4050763,mouse,move,"(980, 411)"
1721212102.4070709,mouse,move,"(977, 412)"
1721212102.4100633,mouse,move,"(974, 412)"
1721212102.412058,mouse,move,"(970, 412)"
1721212102.4135644,mouse,move,"(966, 412)"
1721212102.4155612,mouse,move,"(963, 413)"
1721212102.4175558,mouse,move,"(960, 413)"
1721212102.4195542,mouse,move,"(956, 413)"
1721212102.4215453,mouse,move,"(952, 413)"
1721212102.42354,mouse,move,"(948, 414)"
1721212102.4255345,mouse,move,"(944, 414)"
1721212102.4504979,mouse,move,"(940, 414)"
1721212102.4514806,mouse,move,"(896, 415)"
1721212102.4514806,mouse,move,"(892, 416)"
1721212102.45547,mouse,move,"(888, 416)"
1721212102.45547,mouse,move,"(884, 416)"
1721212102.4574652,mouse,move,"(880, 416)"
1721212102.459459,mouse,move,"(876, 416)"
1721212102.4614537,mouse,move,"(873, 416)"
1721212102.4634488,mouse,move,"(869, 416)"
1721212102.4654431,mouse,move,"(865, 417)"
1721212102.4674375,mouse,move,"(862, 417)"
1721212102.4694324,mouse,move,"(858, 417)"
1721212102.471427,mouse,move,"(854, 417)"
1721212102.473422,mouse,move,"(851, 417)"
1721212102.475417,mouse,move,"(847, 417)"
1721212102.4774113,mouse,move,"(844, 417)"
1721212102.4794056,mouse,move,"(840, 417)"
1721212102.4814003,mouse,move,"(837, 417)"
1721212102.4833953,mouse,move,"(834, 418)"
1721212102.4853897,mouse,move,"(830, 418)"
1721212102.4873843,mouse,move,"(827, 418)"
1721212102.4893801,mouse,move,"(824, 418)"
1721212102.491374,mouse,move,"(821, 418)"
1721212102.4933693,mouse,move,"(818, 418)"
1721212102.4953635,mouse,move,"(815, 418)"
1721212102.5138276,mouse,move,"(793, 418)"
1721212102.5138276,mouse,move,"(791, 418)"
1721212102.515825,mouse,move,"(788, 418)"
1721212102.5178196,mouse,move,"(786, 418)"
1721212102.519815,mouse,move,"(784, 418)"
1721212102.5218103,mouse,move,"(782, 418)"
1721212102.5238073,mouse,move,"(780, 418)"
1721212102.5258284,mouse,move,"(778, 418)"
1721212102.5277927,mouse,move,"(776, 418)"
1721212102.5298135,mouse,move,"(774, 418)"
1721212102.5318003,mouse,move,"(772, 418)"
1721212102.5338013,mouse,move,"(771, 418)"
1721212102.5357714,mouse,move,"(769, 418)"
1721212102.5377922,mouse,move,"(768, 418)"
1721212102.5397892,mouse,move,"(767, 418)"
1721212102.5417857,mouse,move,"(766, 417)"
1721212102.5437794,mouse,move,"(765, 417)"
1721212102.5457652,mouse,move,"(764, 417)"
1721212102.5477388,mouse,move,"(763, 417)"
1721212102.5497541,mouse,move,"(762, 417)"
1721212102.55173,mouse,move,"(761, 417)"
1721212102.5537236,mouse,move,"(760, 417)"
1721212102.5557187,mouse,move,"(759, 417)"
1721212102.5577135,mouse,move,"(758, 417)"
1721212102.5597074,mouse,move,"(757, 417)"
1721212102.5617018,mouse,move,"(756, 417)"
1721212102.563697,mouse,move,"(755, 417)"
1721212102.5676858,mouse,move,"(754, 417)"
1721212102.571675,mouse,move,"(753, 417)"
1721212102.5756652,mouse,move,"(752, 417)"
1721212102.5976062,mouse,move,"(751, 417)"
1721212102.5976062,mouse,move,"(747, 417)"
1721212102.5996053,mouse,move,"(746, 417)"
1721212102.6035964,mouse,move,"(745, 417)"
1721212102.6075828,mouse,move,"(744, 417)"
1721212102.6115723,mouse,move,"(743, 417)"
1721212102.6160727,mouse,move,"(742, 417)"
1721212102.6220558,mouse,move,"(741, 417)"
1721212102.626046,mouse,move,"(740, 417)"
1721212102.6300628,mouse,move,"(739, 417)"
1721212102.6340234,mouse,move,"(738, 417)"
1721212102.6400077,mouse,move,"(737, 417)"
1721212102.6579607,mouse,move,"(736, 417)"
1721212102.6579607,mouse,move,"(734, 417)"
1721212102.6639435,mouse,move,"(733, 417)"
1721212102.67195,mouse,move,"(732, 417)"
1721212102.6819181,mouse,move,"(731, 417)"
1721212102.6898925,mouse,move,"(730, 417)"
1721212102.6978798,mouse,move,"(729, 417)"
1721212102.7038574,mouse,move,"(728, 417)"
1721212102.7233014,mouse,move,"(727, 417)"
1721212102.7233014,mouse,move,"(725, 417)"
1721212102.7282894,mouse,move,"(724, 417)"
1721212102.731282,mouse,move,"(723, 417)"
1721212102.7352698,mouse,move,"(722, 418)"
1721212102.7482357,mouse,move,"(720, 418)"
1721212102.7532218,mouse,move,"(719, 418)"
1721212102.7542195,mouse,move,"(718, 418)"
1721212102.7592053,mouse,move,"(717, 418)"
1721212102.7631953,mouse,move,"(716, 418)"
1721212102.7671838,mouse,move,"(715, 418)"
1721212102.7921176,mouse,move,"(714, 418)"
1721212102.7921176,mouse,move,"(710, 419)"
1721212102.7941124,mouse,move,"(709, 419)"
1721212102.7981026,mouse,move,"(708, 419)"
1721212102.8010962,mouse,move,"(707, 419)"
1721212102.8030913,mouse,move,"(706, 419)"
1721212102.8070805,mouse,move,"(705, 419)"
1721212102.8090746,mouse,move,"(704, 420)"
1721212102.8130639,mouse,move,"(703, 420)"
1721212102.8155863,mouse,move,"(702, 420)"
1721212102.8195758,mouse,move,"(701, 420)"
1721212102.8215702,mouse,move,"(700, 420)"
1721212102.8235648,mouse,move,"(699, 420)"
1721212102.8275542,mouse,move,"(698, 420)"
1721212102.8295488,mouse,move,"(697, 420)"
1721212102.8315434,mouse,move,"(696, 420)"
1721212102.8335388,mouse,move,"(695, 420)"
1721212102.8375275,mouse,move,"(694, 420)"
1721212102.8544834,mouse,move,"(693, 421)"
1721212102.8544834,mouse,move,"(687, 421)"
1721212102.85548,mouse,move,"(686, 421)"
1721212102.8584719,mouse,move,"(685, 421)"
1721212102.85947,mouse,move,"(684, 421)"
1721212102.8634586,mouse,move,"(683, 421)"
1721212102.8654535,mouse,move,"(682, 421)"
1721212102.8674479,mouse,move,"(681, 421)"
1721212102.8694422,mouse,move,"(680, 422)"
1721212102.8734314,mouse,move,"(679, 422)"
1721212102.875426,mouse,move,"(678, 422)"
1721212102.877421,mouse,move,"(677, 422)"
1721212102.8794172,mouse,move,"(676, 422)"
1721212102.8804135,keyboard,press,s
1721212102.8814101,mouse,move,"(675, 422)"
1721212102.8854,mouse,move,"(674, 422)"
1721212102.887395,mouse,move,"(673, 422)"
1721212102.889389,mouse,move,"(672, 422)"
1721212102.8913836,mouse,move,"(671, 422)"
1721212102.8933783,mouse,move,"(670, 422)"
1721212102.895373,mouse,move,"(669, 422)"
1721212102.8973684,mouse,move,"(668, 422)"
1721212102.9168317,mouse,move,"(667, 422)"
1721212102.9178276,mouse,move,"(660, 423)"
1721212102.9198227,mouse,move,"(659, 423)"
1721212102.9228146,mouse,move,"(658, 423)"
1721212102.9238124,mouse,move,"(657, 423)"
1721212102.9258065,mouse,move,"(656, 423)"
1721212102.927801,mouse,move,"(655, 423)"
1721212102.9297957,mouse,move,"(654, 423)"
1721212102.9317904,mouse,move,"(653, 423)"
1721212102.9337845,mouse,move,"(652, 423)"
1721212102.9377747,mouse,move,"(651, 423)"
1721212102.939769,mouse,move,"(650, 423)"
1721212102.9417636,mouse,move,"(649, 424)"
1721212102.943759,mouse,move,"(648, 424)"
1721212102.9477475,mouse,move,"(647, 424)"
1721212102.9497426,mouse,move,"(646, 424)"
1721212102.9517379,mouse,move,"(645, 424)"
1721212102.9557266,mouse,move,"(644, 424)"
1721212102.9577208,mouse,move,"(643, 424)"
1721212102.96171,mouse,move,"(642, 424)"
1721212102.9866443,mouse,move,"(641, 424)"
1721212102.9866443,mouse,move,"(638, 424)"
1721212102.9876413,mouse,move,"(637, 424)"
1721212102.9966166,keyboard,release,s
1721212102.9996085,mouse,move,"(636, 424)"
1721212103.1180847,mouse,move,"(637, 424)"
1721212103.1320426,mouse,move,"(638, 424)"
1721212103.1400173,mouse,move,"(639, 424)"
1721212103.145977,mouse,move,"(640, 424)"
1721212103.1479714,mouse,move,"(640, 423)"
1721212103.1519608,mouse,move,"(641, 423)"
1721212103.1579442,mouse,move,"(642, 423)"
1721212103.1769228,mouse,move,"(643, 423)"
1721212103.1779196,mouse,move,"(645, 422)"
1721212103.182906,mouse,move,"(646, 422)"
1721212103.187896,mouse,move,"(647, 422)"
1721212103.1939104,mouse,move,"(648, 422)"
1721212103.1998322,mouse,move,"(649, 422)"
1721212103.2078123,mouse,move,"(650, 421)"
1721212103.2153022,mouse,move,"(651, 421)"
1721212103.2233102,mouse,move,"(652, 421)"
1721212103.2442555,mouse,move,"(653, 421)"
1721212103.2442555,mouse,move,"(654, 421)"
1721212103.2492356,mouse,move,"(655, 421)"
1721212103.2512114,mouse,move,"(656, 421)"
1721212103.2571986,mouse,move,"(657, 421)"
1721212103.2612114,mouse,move,"(658, 421)"
1721212103.2651982,mouse,move,"(659, 421)"
1721212103.2691598,mouse,move,"(660, 421)"
1721212103.272152,mouse,move,"(661, 421)"
1721212103.275173,mouse,move,"(662, 421)"
1721212103.2771392,mouse,move,"(663, 421)"
1721212103.282125,mouse,move,"(664, 421)"
1721212103.2831228,mouse,move,"(665, 421)"
1721212103.2851174,mouse,move,"(666, 421)"
1721212103.2881098,mouse,move,"(667, 421)"
1721212103.3081155,mouse,move,"(668, 421)"
1721212103.3091142,mouse,move,"(676, 421)"
1721212103.3100822,mouse,move,"(677, 421)"
1721212103.3120763,mouse,move,"(678, 421)"
1721212103.3166301,mouse,move,"(679, 421)"
1721212103.3166301,mouse,move,"(680, 421)"
1721212103.3175976,mouse,move,"(681, 421)"
1721212103.3195932,mouse,move,"(682, 421)"
1721212103.3216162,mouse,move,"(683, 421)"
1721212103.32361,mouse,move,"(684, 421)"
1721212103.325584,mouse,move,"(685, 421)"
1721212103.3275845,mouse,move,"(686, 421)"
1721212103.3295941,mouse,move,"(688, 421)"
1721212103.3315601,mouse,move,"(689, 421)"
1721212103.3335557,mouse,move,"(690, 421)"
1721212103.33555,mouse,move,"(691, 421)"
1721212103.3375444,mouse,move,"(693, 421)"
1721212103.3395393,mouse,move,"(694, 421)"
1721212103.341534,mouse,move,"(695, 421)"
1721212103.3435285,mouse,move,"(697, 421)"
1721212103.345523,mouse,move,"(698, 421)"
1721212103.3475182,mouse,move,"(700, 421)"
1721212103.3495128,mouse,move,"(701, 421)"
1721212103.351507,mouse,move,"(703, 421)"
1721212103.3535028,mouse,move,"(704, 421)"
1721212103.3555248,mouse,move,"(705, 421)"
1721212103.3575258,mouse,move,"(707, 421)"
1721212103.3804302,mouse,move,"(708, 421)"
1721212103.381456,mouse,move,"(723, 421)"
1721212103.382425,mouse,move,"(725, 421)"
1721212103.383458,mouse,move,"(726, 421)"
1721212103.3854165,mouse,move,"(728, 421)"
1721212103.3874223,mouse,move,"(729, 421)"
1721212103.389407,mouse,move,"(731, 421)"
1721212103.391431,mouse,move,"(733, 421)"
1721212103.3934238,mouse,move,"(734, 421)"
1721212103.3954196,mouse,move,"(736, 421)"
1721212103.3973854,mouse,move,"(738, 421)"
1721212103.3993795,mouse,move,"(740, 421)"
1721212103.4013765,mouse,move,"(741, 421)"
1721212103.4033716,mouse,move,"(743, 421)"
1721212103.405366,mouse,move,"(745, 421)"
1721212103.4073887,mouse,move,"(747, 421)"
1721212103.409355,mouse,move,"(749, 421)"
1721212103.4103525,keyboard,press,s
1721212103.4113507,mouse,move,"(750, 421)"
1721212103.413345,mouse,move,"(752, 421)"
1721212103.4158492,mouse,move,"(754, 421)"
1721212103.4178753,mouse,move,"(756, 421)"
1721212103.419841,mouse,move,"(758, 421)"
1721212103.4218357,mouse,move,"(760, 421)"
1721212103.4238312,mouse,move,"(762, 421)"
1721212103.4258258,mouse,move,"(764, 421)"
1721212103.4447749,mouse,move,"(782, 422)"
1721212103.4457731,mouse,move,"(784, 422)"
1721212103.4477952,mouse,move,"(786, 422)"
1721212103.4497607,mouse,move,"(788, 422)"
1721212103.4517562,mouse,move,"(790, 422)"
1721212103.4537504,mouse,move,"(791, 422)"
1721212103.455775,mouse,move,"(793, 422)"
1721212103.4577396,mouse,move,"(795, 422)"
1721212103.4597573,mouse,move,"(797, 422)"
1721212103.4617522,mouse,move,"(799, 422)"
1721212103.4637518,mouse,move,"(800, 422)"
1721212103.4657469,mouse,move,"(802, 422)"
1721212103.4677362,mouse,move,"(804, 422)"
1721212103.4697301,mouse,move,"(806, 422)"
1721212103.4717243,mouse,move,"(808, 422)"
1721212103.4736965,mouse,move,"(809, 422)"
1721212103.4757195,mouse,move,"(811, 422)"
1721212103.4777133,mouse,move,"(813, 422)"
1721212103.4796817,mouse,move,"(814, 422)"
1721212103.4817007,mouse,move,"(816, 422)"
1721212103.4836717,mouse,move,"(817, 422)"
1721212103.4856648,mouse,move,"(819, 422)"
1721212103.4876606,mouse,move,"(820, 422)"
1721212103.4896543,mouse,move,"(821, 423)"
1721212103.5076432,mouse,move,"(823, 423)"
1721212103.5076432,keyboard,release,s
1721212103.508606,mouse,move,"(833, 423)"
1721212103.509603,mouse,move,"(834, 423)"
1721212103.5115979,mouse,move,"(835, 423)"
1721212103.5135927,mouse,move,"(836, 423)"
1721212103.516099,mouse,move,"(838, 424)"
1721212103.5171313,mouse,move,"(839, 424)"
1721212103.519094,mouse,move,"(840, 424)"
1721212103.5210888,mouse,move,"(841, 424)"
1721212103.523083,mouse,move,"(842, 424)"
1721212103.5250776,mouse,move,"(843, 424)"
1721212103.527072,mouse,move,"(844, 424)"
1721212103.5290666,mouse,move,"(845, 424)"
1721212103.5320585,mouse,move,"(846, 424)"
1721212103.534053,mouse,move,"(847, 424)"
1721212103.5350502,mouse,move,"(848, 424)"
1721212103.5370448,mouse,move,"(849, 424)"
1721212103.5400372,mouse,move,"(850, 424)"
1721212103.5420318,mouse,move,"(851, 424)"
1721212103.544027,mouse,move,"(852, 424)"
1721212103.545047,mouse,move,"(853, 424)"
1721212103.5480165,mouse,move,"(854, 424)"
1721212103.5500102,mouse,move,"(855, 424)"
1721212103.5520077,mouse,move,"(856, 424)"
1721212103.5779703,mouse,move,"(857, 424)"
1721212103.5779703,mouse,move,"(869, 425)"
1721212103.579931,mouse,move,"(870, 425)"
1721212103.5819259,mouse,move,"(871, 425)"
1721212103.5839205,mouse,move,"(872, 425)"
1721212103.5859146,mouse,move,"(873, 425)"
1721212103.5879116,mouse,move,"(874, 425)"
1721212103.5899055,mouse,move,"(875, 425)"
1721212103.5918982,mouse,move,"(876, 425)"
1721212103.5938928,mouse,move,"(877, 425)"
1721212103.5958877,mouse,move,"(878, 425)"
1721212103.597882,mouse,move,"(879, 425)"
1721212103.599877,mouse,move,"(880, 425)"
1721212103.6018724,mouse,move,"(881, 425)"
1721212103.6038728,mouse,move,"(882, 425)"
1721212103.6058624,mouse,move,"(883, 425)"
1721212103.6078887,mouse,move,"(884, 425)"
1721212103.6118464,mouse,move,"(885, 425)"
1721212103.6138675,mouse,move,"(886, 425)"
1721212103.6173985,mouse,move,"(887, 425)"
1721212103.6213827,mouse,move,"(888, 425)"
1721212103.6253476,mouse,move,"(889, 425)"
1721212103.642302,mouse,move,"(890, 425)"
1721212103.642302,mouse,move,"(893, 425)"
1721212103.6442978,mouse,move,"(894, 425)"
1721212103.647312,mouse,move,"(895, 425)"
1721212103.6512961,mouse,move,"(896, 425)"
1721212103.655293,mouse,move,"(897, 425)"
1721212103.6592767,mouse,move,"(898, 425)"
1721212103.6632664,mouse,move,"(899, 425)"
1721212103.665241,mouse,move,"(900, 425)"
1721212103.6692295,mouse,move,"(901, 425)"
1721212103.6732197,mouse,move,"(902, 425)"
1721212103.677209,mouse,move,"(903, 425)"
1721212103.6792035,mouse,move,"(904, 425)"
1721212103.6832078,mouse,move,"(905, 425)"
1721212103.7031987,mouse,move,"(906, 425)"
1721212103.7031987,mouse,move,"(911, 425)"
1721212103.7051938,mouse,move,"(912, 425)"
1721212103.707189,mouse,move,"(913, 425)"
1721212103.7101521,mouse,move,"(914, 425)"
1721212103.7131467,mouse,move,"(915, 425)"
1721212103.7151392,mouse,move,"(916, 425)"
1721212103.7176595,mouse,move,"(917, 425)"
1721212103.7196538,mouse,move,"(918, 425)"
1721212103.723644,mouse,move,"(919, 425)"
1721212103.725638,mouse,move,"(920, 425)"
1721212103.727633,mouse,move,"(921, 425)"
1721212103.7296271,mouse,move,"(922, 425)"
1721212103.7316222,mouse,move,"(923, 425)"
1721212103.7336164,mouse,move,"(924, 425)"
1721212103.737606,mouse,move,"(925, 424)"
1721212103.7396004,mouse,move,"(926, 424)"
1721212103.741595,mouse,move,"(927, 424)"
1721212103.7435906,mouse,move,"(928, 424)"
1721212103.745585,mouse,move,"(929, 424)"
1721212103.7475793,mouse,move,"(930, 424)"
1721212103.7705193,mouse,move,"(931, 424)"
1721212103.7715292,mouse,move,"(939, 423)"
1721212103.7715292,mouse,move,"(940, 423)"
1721212103.7755048,mouse,move,"(941, 423)"
1721212103.7755048,mouse,move,"(942, 423)"
1721212103.7775006,mouse,move,"(943, 423)"
1721212103.779495,mouse,move,"(944, 423)"
1721212103.7814891,mouse,move,"(945, 423)"
1721212103.783484,mouse,move,"(946, 423)"
1721212103.787473,mouse,move,"(947, 423)"
1721212103.7894673,mouse,move,"(948, 423)"
1721212103.791463,mouse,move,"(949, 423)"
1721212103.7934566,mouse,move,"(950, 423)"
1721212103.7954512,mouse,move,"(951, 422)"
1721212103.797447,mouse,move,"(952, 422)"
1721212103.7994416,mouse,move,"(953, 422)"
1721212103.8014355,mouse,move,"(954, 422)"
1721212103.8054268,mouse,move,"(955, 422)"
1721212103.807422,mouse,move,"(956, 422)"
1721212103.8094163,mouse,move,"(957, 422)"
1721212103.8114107,mouse,move,"(958, 422)"
1721212103.8134055,mouse,move,"(959, 422)"
1721212103.8328671,mouse,move,"(960, 422)"
1721212103.8328671,mouse,move,"(966, 421)"
1721212103.8338647,mouse,move,"(967, 421)"
1721212103.83586,mouse,move,"(968, 421)"
1721212103.8398483,mouse,move,"(969, 421)"
1721212103.8418443,mouse,move,"(970, 421)"
1721212103.8438373,mouse,move,"(971, 421)"
1721212103.8478281,mouse,move,"(972, 421)"
1721212103.8518162,mouse,move,"(973, 421)"
1721212103.8538117,mouse,move,"(974, 421)"
1721212103.8578,mouse,move,"(975, 421)"
1721212103.859795,mouse,move,"(976, 421)"
1721212103.8637838,mouse,move,"(977, 421)"
1721212103.8677742,mouse,move,"(978, 421)"
1721212103.8717625,mouse,move,"(979, 421)"
1721212103.8757527,mouse,move,"(980, 421)"
1721212103.8797412,mouse,move,"(981, 421)"
1721212103.9036825,mouse,move,"(982, 421)"
1721212103.9036825,mouse,move,"(986, 421)"
1721212103.9076715,mouse,move,"(987, 421)"
1721212103.9136553,mouse,move,"(988, 421)"
1721212103.91916,mouse,move,"(989, 421)"
1721212103.9211643,mouse,move,"(989, 420)"
1721212103.9261367,mouse,move,"(990, 420)"
1721212103.9311237,mouse,move,"(991, 420)"
1721212103.9411056,mouse,move,"(992, 420)"
1721212103.9480896,mouse,move,"(993, 420)"
1721212103.9740095,mouse,move,"(994, 420)"
1721212103.9740095,mouse,move,"(995, 420)"
1721212103.9919608,mouse,move,"(996, 420)"
1721212104.839419,mouse,move,"(996, 421)"
1721212104.839419,mouse,move,"(995, 421)"
1721212104.8413846,mouse,move,"(995, 422)"
1721212104.8713043,mouse,move,"(995, 423)"
1721212104.9022226,mouse,move,"(994, 423)"
1721212104.9042175,mouse,move,"(994, 424)"
1721212104.943713,mouse,move,"(994, 425)"
1721212106.4031389,mouse,move,"(995, 425)"
1721212106.435675,mouse,move,"(996, 425)"
1721212106.4366589,mouse,move,"(996, 426)"
1721212106.437676,mouse,move,"(997, 426)"
1721212106.4436555,mouse,move,"(998, 426)"
1721212106.4496374,mouse,move,"(999, 426)"
1721212106.4536273,mouse,move,"(1000, 426)"
1721212106.4556243,mouse,move,"(1000, 427)"
1721212106.4576159,mouse,move,"(1001, 427)"
1721212106.459608,mouse,move,"(1002, 427)"
1721212106.4616017,mouse,move,"(1003, 427)"
1721212106.4655917,mouse,move,"(1004, 427)"
1721212106.467586,mouse,move,"(1005, 427)"
1721212106.4695852,mouse,move,"(1006, 427)"
1721212106.4715807,mouse,move,"(1007, 428)"
1721212106.47357,mouse,move,"(1008, 428)"
1721212106.4755647,mouse,move,"(1009, 428)"
1721212106.4775598,mouse,move,"(1010, 428)"
1721212106.4795496,mouse,move,"(1011, 429)"
1721212106.481525,mouse,move,"(1012, 429)"
1721212106.4835439,mouse,move,"(1013, 429)"
1721212106.5074556,mouse,move,"(1014, 429)"
1721212106.5074556,mouse,move,"(1029, 432)"
1721212106.5074556,mouse,move,"(1031, 432)"
1721212106.5114481,mouse,move,"(1033, 432)"
1721212106.5114481,mouse,move,"(1035, 433)"
1721212106.513444,mouse,move,"(1037, 433)"
1721212106.515461,mouse,move,"(1039, 433)"
1721212106.517454,mouse,move,"(1041, 434)"
1721212106.5194259,mouse,move,"(1043, 434)"
1721212106.5214493,mouse,move,"(1045, 434)"
1721212106.523949,mouse,move,"(1047, 435)"
1721212106.5259714,mouse,move,"(1049, 435)"
1721212106.5279589,mouse,move,"(1052, 435)"
1721212106.5299535,mouse,move,"(1055, 436)"
1721212106.5319548,mouse,move,"(1057, 436)"
1721212106.5339332,mouse,move,"(1060, 437)"
1721212106.5359485,mouse,move,"(1063, 437)"
1721212106.5379336,mouse,move,"(1065, 437)"
1721212106.5399077,mouse,move,"(1068, 438)"
1721212106.541903,mouse,move,"(1071, 438)"
1721212106.5438979,mouse,move,"(1073, 439)"
1721212106.5458932,mouse,move,"(1076, 439)"
1721212106.547887,mouse,move,"(1079, 439)"
1721212106.549882,mouse,move,"(1082, 440)"
1721212106.5518763,mouse,move,"(1085, 440)"
1721212106.5538712,mouse,move,"(1087, 440)"
1721212106.5758123,mouse,move,"(1090, 441)"
1721212106.5758123,mouse,move,"(1119, 445)"
1721212106.577839,mouse,move,"(1122, 445)"
1721212106.5798025,mouse,move,"(1125, 446)"
1721212106.5818212,mouse,move,"(1128, 446)"
1721212106.583819,mouse,move,"(1131, 447)"
1721212106.5857868,mouse,move,"(1134, 447)"
1721212106.5878065,mouse,move,"(1137, 448)"
1721212106.5897992,mouse,move,"(1140, 448)"
1721212106.5917952,mouse,move,"(1143, 449)"
1721212106.5937648,mouse,move,"(1146, 449)"
1721212106.5957592,mouse,move,"(1149, 450)"
1721212106.5977767,mouse,move,"(1152, 451)"
1721212106.599768,mouse,move,"(1155, 451)"
1721212106.601763,mouse,move,"(1158, 452)"
1721212106.603738,mouse,move,"(1161, 453)"
1721212106.6057327,mouse,move,"(1164, 453)"
1721212106.6077466,mouse,move,"(1167, 454)"
1721212106.6097414,mouse,move,"(1170, 455)"
1721212106.6117456,mouse,move,"(1173, 455)"
1721212106.6137135,mouse,move,"(1176, 456)"
1721212106.615726,mouse,move,"(1179, 456)"
1721212106.617722,mouse,move,"(1181, 456)"
1721212106.6197238,mouse,move,"(1184, 457)"
1721212106.6216924,mouse,move,"(1186, 457)"
1721212106.6226888,mouse,move,"(1189, 457)"
1721212106.6461701,mouse,move,"(1191, 457)"
1721212106.6471539,mouse,move,"(1211, 460)"
1721212106.6481342,mouse,move,"(1213, 460)"
1721212106.6501284,mouse,move,"(1214, 460)"
1721212106.6511252,mouse,move,"(1215, 460)"
1721212106.6531203,mouse,move,"(1217, 460)"
1721212106.6551142,mouse,move,"(1218, 460)"
1721212106.6581063,mouse,move,"(1219, 460)"
1721212106.659104,mouse,move,"(1220, 460)"
1721212106.6610985,mouse,move,"(1221, 460)"
1721212106.663093,mouse,move,"(1222, 460)"
1721212106.6650872,mouse,move,"(1223, 460)"
1721212106.667082,mouse,move,"(1224, 460)"
1721212106.6690764,mouse,move,"(1225, 460)"
1721212106.6710713,mouse,move,"(1226, 460)"
1721212106.673066,mouse,move,"(1227, 460)"
1721212106.6780531,mouse,move,"(1228, 460)"
1721212106.6820421,mouse,move,"(1229, 460)"
1721212106.7060065,mouse,move,"(1230, 460)"
1721212106.7139847,mouse,move,"(1231, 460)"
1721212106.749402,mouse,move,"(1231, 459)"
1721212106.8012621,mouse,move,"(1231, 458)"
1721212106.847747,mouse,move,"(1231, 457)"
1721212106.849742,mouse,move,"(1230, 457)"
1721212106.9055939,mouse,move,"(1229, 457)"
1721212106.942038,mouse,move,"(1229, 456)"
1721212106.9876359,mouse,move,"(1228, 456)"
1721212107.0440211,mouse,move,"(1227, 456)"
1721212107.0499835,mouse,move,"(1227, 455)"
1721212107.0859158,mouse,move,"(1226, 455)"
1721212107.0869248,mouse,move,"(1226, 454)"
1721212107.1058643,mouse,move,"(1226, 453)"
1721212107.1158388,mouse,move,"(1225, 453)"
1721212107.154248,mouse,move,"(1225, 452)"
1721212107.1851647,mouse,move,"(1225, 451)"
1721212107.2220967,mouse,move,"(1225, 450)"
1721212107.2595134,mouse,move,"(1225, 449)"
1721212107.3085186,keyboard,press,Key.ctrl_l
1721212107.3276687,mouse,move,"(1226, 449)"
1721212107.3356202,mouse,move,"(1226, 448)"
1721212107.3545692,mouse,move,"(1227, 448)"
1721212107.3635736,mouse,move,"(1228, 448)"
1721212107.3755488,mouse,move,"(1229, 448)"
1721212107.3814967,mouse,move,"(1229, 447)"
1721212107.3894768,mouse,move,"(1230, 447)"
1721212107.4014614,mouse,move,"(1231, 447)"
1721212107.4224558,mouse,move,"(1232, 447)"
1721212107.4259794,mouse,move,"(1233, 447)"
1721212107.439987,mouse,move,"(1234, 447)"
1721212107.44795,mouse,move,"(1235, 447)"
1721212107.4619088,mouse,move,"(1236, 447)"
1721212107.4628828,keyboard,press,
1721212107.483856,mouse,move,"(1237, 447)"
1721212107.493803,mouse,move,"(1238, 447)"
1721212107.513788,mouse,move,"(1239, 447)"
1721212107.5291452,mouse,move,"(1240, 447)"
1721212107.5560498,mouse,move,"(1241, 447)"
1721212107.5660524,mouse,move,"(1242, 447)"
1721212107.5780177,mouse,move,"(1243, 447)"
1721212107.5899582,mouse,move,"(1244, 447)"
1721212107.5939846,keyboard,release,
1721212107.623302,mouse,move,"(1245, 447)"
1721212107.6242988,mouse,move,"(1246, 447)"
1721212107.6298273,mouse,move,"(1246, 448)"
1721212107.6577213,mouse,move,"(1247, 448)"
1721212107.7779973,mouse,move,"(1247, 449)"
1721212107.8323767,keyboard,press,
1721212107.9201167,keyboard,release,
1721212108.0399263,keyboard,press,
1721212108.1217177,keyboard,release,
1721212108.237527,keyboard,press,
1721212108.3103318,keyboard,release,
1721212108.929402,keyboard,press,
1721212109.0606458,keyboard,release,
1721212109.5974154,mouse,move,"(1246, 449)"
1721212109.611376,mouse,move,"(1246, 450)"
1721212109.6173594,mouse,move,"(1245, 450)"
1721212109.6414375,mouse,move,"(1244, 450)"
1721212109.6614015,mouse,move,"(1243, 450)"
1721212109.6713705,mouse,move,"(1243, 451)"
1721212109.6813471,mouse,move,"(1242, 451)"
1721212109.7132354,mouse,move,"(1241, 451)"
1721212109.7373753,mouse,move,"(1240, 451)"
1721212109.7632785,mouse,move,"(1240, 452)"
1721212109.7632785,mouse,move,"(1239, 452)"
1721212109.7792625,mouse,move,"(1238, 452)"
1721212109.7912304,mouse,move,"(1237, 452)"
1721212109.8271377,mouse,move,"(1236, 452)"
1721212109.8271377,mouse,move,"(1234, 453)"
1721212109.8373923,mouse,move,"(1233, 453)"
1721212109.8433676,mouse,move,"(1233, 454)"
1721212109.845335,mouse,move,"(1232, 454)"
1721212109.851346,mouse,move,"(1231, 454)"
1721212109.8573277,mouse,move,"(1230, 454)"
1721212109.8592978,mouse,move,"(1230, 455)"
1721212109.8672755,mouse,move,"(1229, 455)"
1721212109.8732598,mouse,move,"(1228, 455)"
1721212109.8952684,mouse,move,"(1227, 456)"
1721212109.8952684,mouse,move,"(1226, 456)"
1721212109.8962657,mouse,move,"(1225, 456)"
1721212109.8992796,keyboard,release,Key.ctrl_l
1721212109.900254,mouse,move,"(1225, 457)"
1721212109.903247,mouse,move,"(1224, 457)"
1721212109.9112525,mouse,move,"(1223, 457)"
1721212109.9152138,mouse,move,"(1223, 458)"
1721212109.9211998,mouse,move,"(1222, 458)"
1721212109.931677,mouse,move,"(1221, 459)"
1721212109.9645905,mouse,move,"(1220, 459)"
1721212109.9776015,mouse,move,"(1220, 460)"
1721212109.9815435,mouse,move,"(1219, 460)"
1721212110.0977743,mouse,move,"(1218, 460)"
1721212110.1581478,mouse,move,"(1217, 460)"
1721212110.2130299,mouse,move,"(1216, 460)"
1721212110.222027,mouse,move,"(1215, 460)"
1721212110.2415662,mouse,move,"(1214, 460)"
1721212110.2764654,mouse,move,"(1213, 460)"
1721212110.2774417,mouse,move,"(1212, 460)"
1721212110.2834532,mouse,move,"(1211, 460)"
1721212110.2943952,mouse,move,"(1210, 460)"
1721212110.3033988,mouse,move,"(1209, 460)"
1721212110.3113506,mouse,move,"(1208, 460)"
1721212110.319331,mouse,move,"(1207, 460)"
1721212110.3417697,mouse,move,"(1206, 460)"
1721212110.3417697,mouse,move,"(1204, 460)"
1721212110.3477538,mouse,move,"(1203, 460)"
1721212110.351771,mouse,move,"(1202, 460)"
1721212110.3577268,mouse,move,"(1201, 460)"
1721212110.3637104,mouse,move,"(1200, 460)"
1721212110.3677003,mouse,move,"(1199, 460)"
1721212110.373685,mouse,move,"(1198, 460)"
1721212110.3796685,mouse,move,"(1197, 460)"
1721212110.3856807,mouse,move,"(1196, 460)"
1721212110.3896954,mouse,move,"(1195, 460)"
1721212110.4096014,mouse,move,"(1194, 460)"
1721212110.4096014,mouse,move,"(1191, 460)"
1721212110.4146035,mouse,move,"(1190, 460)"
1721212110.4176013,mouse,move,"(1189, 460)"
1721212110.4236329,mouse,move,"(1188, 460)"
1721212110.427599,mouse,move,"(1187, 460)"
1721212110.4315872,mouse,move,"(1186, 460)"
1721212110.4357975,mouse,move,"(1185, 460)"
1721212110.4378152,mouse,move,"(1184, 460)"
1721212110.441783,mouse,move,"(1183, 460)"
1721212110.4457574,mouse,move,"(1182, 459)"
1721212110.4497607,mouse,move,"(1181, 459)"
1721212110.45173,mouse,move,"(1180, 459)"
1721212110.4557188,mouse,move,"(1179, 459)"
1721212110.4776604,mouse,move,"(1178, 459)"
1721212110.4776604,mouse,move,"(1171, 459)"
1721212110.4796546,mouse,move,"(1170, 459)"
1721212110.484679,mouse,move,"(1169, 458)"
1721212110.4856384,mouse,move,"(1168, 458)"
1721212110.4876592,mouse,move,"(1167, 458)"
1721212110.4896524,mouse,move,"(1166, 458)"
1721212110.4916275,mouse,move,"(1165, 458)"
1721212110.4936366,mouse,move,"(1164, 458)"
1721212110.4956388,mouse,move,"(1163, 457)"
1721212110.497631,mouse,move,"(1162, 457)"
1721212110.4996097,mouse,move,"(1161, 457)"
1721212110.5016158,mouse,move,"(1160, 457)"
1721212110.5036223,mouse,move,"(1159, 457)"
1721212110.5055854,mouse,move,"(1158, 456)"
1721212110.50758,mouse,move,"(1157, 456)"
1721212110.5095754,mouse,move,"(1155, 456)"
1721212110.5330215,mouse,move,"(1135, 453)"
1721212110.5340195,mouse,move,"(1133, 452)"
1721212110.537013,mouse,move,"(1131, 452)"
1721212110.552997,mouse,move,"(1115, 448)"
1721212110.5539806,mouse,move,"(1112, 448)"
1721212110.5559604,mouse,move,"(1110, 447)"
1721212110.5579557,mouse,move,"(1107, 446)"
1721212110.5599527,mouse,move,"(1104, 446)"
1721212110.5619457,mouse,move,"(1101, 445)"
1721212110.5639396,mouse,move,"(1099, 444)"
1721212110.5659342,mouse,move,"(1096, 444)"
1721212110.567928,mouse,move,"(1093, 443)"
1721212110.569924,mouse,move,"(1090, 442)"
1721212110.5719178,mouse,move,"(1087, 442)"
1721212110.5739126,mouse,move,"(1084, 441)"
1721212110.5759075,mouse,move,"(1081, 440)"
1721212110.5779018,mouse,move,"(1078, 439)"
1721212110.5798967,mouse,move,"(1075, 439)"
1721212110.5818906,mouse,move,"(1072, 438)"
1721212110.5838861,mouse,move,"(1069, 438)"
1721212110.5858805,mouse,move,"(1065, 437)"
1721212110.5879066,mouse,move,"(1061, 436)"
1721212110.5898695,mouse,move,"(1057, 435)"
1721212110.5918646,mouse,move,"(1053, 435)"
1721212110.5938594,mouse,move,"(1049, 434)"
1721212110.5958543,mouse,move,"(1045, 434)"
1721212110.6188507,mouse,move,"(1041, 433)"
1721212110.619837,mouse,move,"(1001, 427)"
1721212110.619837,mouse,move,"(997, 427)"
1721212110.621815,mouse,move,"(994, 426)"
1721212110.6248074,mouse,move,"(991, 426)"
1721212110.6258042,mouse,move,"(987, 426)"
1721212110.6277995,mouse,move,"(984, 425)"
1721212110.6297932,mouse,move,"(981, 425)"
1721212110.631788,mouse,move,"(977, 424)"
1721212110.6339889,mouse,move,"(974, 424)"
1721212110.635983,mouse,move,"(971, 423)"
1721212110.6379776,mouse,move,"(968, 423)"
1721212110.6399722,mouse,move,"(965, 422)"
1721212110.6419668,mouse,move,"(962, 422)"
1721212110.6439617,mouse,move,"(959, 421)"
1721212110.645956,mouse,move,"(956, 421)"
1721212110.647951,mouse,move,"(953, 421)"
1721212110.6499455,mouse,move,"(950, 420)"
1721212110.651964,mouse,move,"(948, 420)"
1721212110.65396,mouse,move,"(946, 420)"
1721212110.6559303,mouse,move,"(943, 419)"
1721212110.6579485,mouse,move,"(941, 419)"
1721212110.659921,mouse,move,"(939, 419)"
1721212110.6619143,mouse,move,"(937, 418)"
1721212110.663909,mouse,move,"(935, 418)"
1721212110.6659043,mouse,move,"(933, 418)"
1721212110.6868474,mouse,move,"(931, 417)"
1721212110.6868474,mouse,move,"(919, 415)"
1721212110.6878455,mouse,move,"(917, 415)"
1721212110.6908681,mouse,move,"(916, 415)"
1721212110.6918528,mouse,move,"(915, 415)"
1721212110.6938295,mouse,move,"(914, 414)"
1721212110.6958427,mouse,move,"(913, 414)"
1721212110.6978183,mouse,move,"(912, 414)"
1721212110.6998124,mouse,move,"(911, 414)"
1721212110.7018075,mouse,move,"(910, 414)"
1721212110.703802,mouse,move,"(909, 413)"
1721212110.7057967,mouse,move,"(908, 413)"
1721212110.7077916,mouse,move,"(907, 413)"
1721212110.709786,mouse,move,"(906, 413)"
1721212110.7117803,mouse,move,"(905, 413)"
1721212110.7137759,mouse,move,"(904, 412)"
1721212110.7157714,mouse,move,"(903, 412)"
1721212110.7177966,mouse,move,"(902, 412)"
1721212110.719792,mouse,move,"(901, 412)"
1721212110.7217567,mouse,move,"(900, 411)"
1721212110.7237778,mouse,move,"(899, 411)"
1721212110.7257729,mouse,move,"(898, 411)"
1721212110.7297611,mouse,move,"(897, 411)"
1721212110.7510254,mouse,move,"(896, 410)"
1721212110.7510254,mouse,move,"(889, 409)"
1721212110.7519941,mouse,move,"(888, 408)"
1721212110.7559962,mouse,move,"(887, 408)"
1721212110.758976,mouse,move,"(886, 408)"
1721212110.7599726,mouse,move,"(885, 408)"
1721212110.7619967,mouse,move,"(885, 407)"
1721212110.7639914,mouse,move,"(884, 407)"
1721212110.7659886,mouse,move,"(883, 407)"
1721212110.769947,mouse,move,"(882, 406)"
1721212110.7719662,mouse,move,"(881, 406)"
1721212110.7759306,mouse,move,"(880, 406)"
1721212110.7779498,mouse,move,"(879, 405)"
1721212110.7819388,mouse,move,"(878, 405)"
1721212110.7839098,mouse,move,"(877, 405)"
1721212110.7878983,mouse,move,"(876, 405)"
1721212110.7898932,mouse,move,"(875, 404)"
1721212110.7939134,mouse,move,"(874, 404)"
1721212110.7978888,mouse,move,"(873, 404)"
1721212110.7998664,mouse,move,"(873, 403)"
1721212110.8018606,mouse,move,"(872, 403)"
1721212110.8178942,mouse,move,"(868, 401)"
1721212110.8198504,mouse,move,"(867, 401)"
1721212110.8228345,mouse,move,"(866, 401)"
1721212110.8258264,mouse,move,"(866, 400)"
1721212110.827821,mouse,move,"(865, 400)"
1721212110.8298154,mouse,move,"(864, 400)"
1721212110.8339002,mouse,move,"(863, 399)"
1721212110.8378668,mouse,move,"(862, 399)"
1721212110.83988,mouse,move,"(861, 398)"
1721212110.843874,mouse,move,"(860, 398)"
1721212110.84784,mouse,move,"(859, 398)"
1721212110.8498583,mouse,move,"(859, 397)"
1721212110.851829,mouse,move,"(858, 397)"
1721212110.8538246,mouse,move,"(857, 397)"
1721212110.8578417,mouse,move,"(856, 397)"
1721212110.8598354,mouse,move,"(856, 396)"
1721212110.861803,mouse,move,"(855, 396)"
1721212110.881749,mouse,move,"(854, 396)"
1721212110.881749,mouse,move,"(850, 394)"
1721212110.8837729,mouse,move,"(849, 394)"
1721212110.8877597,mouse,move,"(848, 394)"
1721212110.8917239,mouse,move,"(847, 394)"
1721212110.8937411,mouse,move,"(847, 393)"
1721212110.8977063,mouse,move,"(846, 393)"
1721212110.9016953,mouse,move,"(845, 393)"
1721212110.907679,mouse,move,"(844, 393)"
1721212110.9096742,mouse,move,"(844, 392)"
1721212110.913663,mouse,move,"(843, 392)"
1721212110.9176774,mouse,move,"(842, 392)"
1721212110.9236448,mouse,move,"(842, 391)"
1721212110.9256454,mouse,move,"(841, 391)"
1721212110.9517193,mouse,move,"(840, 391)"
1721212110.9517193,mouse,move,"(839, 391)"
1721212110.9557362,mouse,move,"(838, 391)"
1721212110.9596987,mouse,move,"(838, 390)"
1721212110.9696693,mouse,move,"(837, 390)"
1721212110.9916167,mouse,move,"(836, 390)"
1721212111.0500224,mouse,move,"(835, 390)"
1721212111.073959,mouse,move,"(835, 389)"
1721212111.073959,mouse,move,"(834, 389)"
1721212111.093933,mouse,move,"(833, 389)"
1721212111.1078963,mouse,move,"(833, 388)"
1721212111.1389399,mouse,move,"(832, 388)"
1721212111.1539283,mouse,move,"(831, 388)"
